{"stats":{"minecraft:used":{"born_in_chaos_v1:spiny_shell_armor_helmet":1,"minecraft:crafting_table":1,"born_in_chaos_v1:river_mint":1,"minecraft:iron_axe":2,"minecraft:iron_pickaxe":3,"born_in_chaos_v1:spiny_shell_armor_chestplate":1},"minecraft:dropped":{"undead_revamp2:arapholia":1},"minecraft:crafted":{"minecraft:birch_planks":4,"minecraft:iron_axe":1,"minecraft:crafting_table":1,"minecraft:iron_pickaxe":1},"minecraft:mined":{"minecraft:grass":1,"minecraft:grass_block":1,"minecraft:lantern":1,"minecraft:birch_log":1,"born_in_chaos_v1:river_mint":1,"minecraft:smooth_stone_slab":2,"minecraft:crafting_table":1,"undead_revamp2:arapholia":1},"minecraft:picked_up":{"minecraft:birch_log":1,"born_in_chaos_v1:spiny_shell_armor_helmet":1,"minecraft:crafting_table":1,"minecraft:stick":4,"born_in_chaos_v1:river_mint":1,"minecraft:iron_ingot":9,"born_in_chaos_v1:spiny_shell_armor_chestplate":1,"minecraft:smooth_stone_slab":2,"undead_revamp2:arapholia":1,"minecraft:lantern":1},"minecraft:custom":{"minecraft:time_since_rest":9845,"minecraft:crouch_one_cm":310,"minecraft:play_time":9845,"minecraft:sprint_one_cm":18194,"minecraft:damage_taken":120,"minecraft:walk_one_cm":13239,"minecraft:sneak_time":75,"minecraft:walk_under_water_one_cm":591,"minecraft:drop":1,"minecraft:jump":150,"minecraft:walk_on_water_one_cm":3907,"minecraft:time_since_death":9845,"minecraft:total_world_time":9845,"minecraft:swim_one_cm":3532,"minecraft:fall_one_cm":3371,"minecraft:interact_with_crafting_table":1,"minecraft:fly_one_cm":24509}},"DataVersion":3465}