{"stats":{"minecraft:broken":{"born_in_chaos_v1:spiny_shell_armor_chestplate":1,"born_in_chaos_v1:spiny_shell_armor_helmet":1,"minecraft:iron_axe":1},"minecraft:killed_by":{"minecraft:zombie_villager":1,"minecraft:player":9,"born_in_chaos_v1:bone_imp_minion":1,"undead_revamp2:theswarmer":1,"bwrtherain:vapor":1,"man:managgresive":3,"apollyon:the_damned":1,"minecraft:zombie":1,"antlers:wendigo":6},"minecraft:used":{"minecraft:polished_deepslate":1,"minecraft:chest":1,"dixtas_armory:diamond_battle_axe":209,"minecraft:iron_sword":4,"born_in_chaos_v1:nightmare_mantleofthe_night_chestplate":1,"minecraft:dirt":9,"minecraft:mutton":2,"born_in_chaos_v1:supreme_measure":6,"born_in_chaos_v1:nightmare_mantleofthe_night_helmet":1,"minecraft:lantern":1,"minecraft:iron_axe":209,"minecraft:oak_stairs":3,"born_in_chaos_v1:spiny_shell_armor_chestplate":1,"arphex:infernal_leggings":1,"minecraft:light_gray_wool":1,"minecraft:beef":8,"minecraft:gray_glazed_terracotta":1,"arphex:infernal_chestplate":1,"born_in_chaos_v1:spiny_shell_armor_helmet":1,"minecraft:birch_planks":54,"minecraft:polished_andesite":2,"minecraft:oak_planks":6,"minecraft:blackstone":5,"arphex:infernal_helmet":1,"minecraft:crafting_table":3,"minecraft:crossbow":7,"graveyard:cyan_bone_staff":1,"arphex:infernal_boots":1,"minecraft:bread":1,"minecraft:iron_pickaxe":43,"minecraft:green_carpet":11,"deep_dark_regrowth:void_breaker":7,"minecraft:cobblestone":8,"minecraft:andesite":1,"minecraft:white_banner":1,"minecraft:porkchop":1,"born_in_chaos_v1:river_mint":1,"minecraft:smooth_stone_slab":3,"cgm:mini_gun":28},"minecraft:mined":{"minecraft:white_bed":1,"minecraft:mossy_cobblestone":2,"minecraft:andesite_stairs":1,"minecraft:gray_glazed_terracotta":1,"cctvcraft:aluminum_ore":8,"minecraft:grass_block":12,"minecraft:hay_block":17,"minecraft:andesite":1,"minecraft:peony":1,"minecraft:polished_deepslate":1,"minecraft:bookshelf":2,"minecraft:lantern":1,"minecraft:oak_stairs":1,"minecraft:green_carpet":3,"minecraft:stone":2,"minecraft:white_banner":1,"minecraft:glass_pane":1,"minecraft:red_bed":1,"minecraft:blackstone":5,"minecraft:crafting_table":2,"minecraft:light_gray_concrete_powder":1,"minecraft:calcite":1,"minecraft:copper_ore":6,"minecraft:tall_grass":5,"minecraft:oak_planks":6,"minecraft:birch_planks":20,"minecraft:birch_log":10,"minecraft:birch_leaves":1,"born_in_chaos_v1:river_mint":1,"biomesoplenty:fir_log":8,"minecraft:smooth_stone_slab":3,"minecraft:grass":51,"minecraft:oak_log":2,"minecraft:sand":24,"minecraft:dirt":12,"minecraft:polished_blackstone":1,"minecraft:polished_andesite":2,"born_in_chaos_v1:infernal_evil_pumpkin_s":1,"antlers:bloody_cow":1,"undead_revamp2:arapholia":1},"minecraft:crafted":{"minecraft:oak_planks":8,"minecraft:iron_nugget":9,"cctvcraft:aluminum_ingot":3,"minecraft:iron_axe":2,"minecraft:chest":1,"minecraft:wheat":153,"minecraft:emerald":7,"minecraft:crafting_table":1,"minecraft:baked_potato":5,"minecraft:iron_sword":1,"minecraft:birch_planks":40,"biomesoplenty:fir_planks":28,"minecraft:shield":1,"minecraft:stick":4,"chiselsandbits:chisel_iron":1,"minecraft:iron_pickaxe":1},"minecraft:custom":{"minecraft:mob_kills":55,"minecraft:interact_with_crafting_table":10,"minecraft:bell_ring":37,"minecraft:damage_dealt_resisted":10018,"minecraft:leave_game":5,"minecraft:time_since_death":30827,"minecraft:climb_one_cm":4128,"minecraft:sprint_one_cm":401406,"minecraft:walk_one_cm":500789,"minecraft:drop":269,"minecraft:play_noteblock":1,"minecraft:talked_to_villager":4,"minecraft:raid_win":1,"minecraft:play_time":199305,"minecraft:deaths":32,"minecraft:sneak_time":4240,"minecraft:walk_under_water_one_cm":7725,"minecraft:jump":2457,"minecraft:walk_on_water_one_cm":20980,"minecraft:enchant_item":4,"minecraft:total_world_time":199305,"minecraft:interact_with_furnace":6,"minecraft:traded_with_villager":7,"minecraft:tune_noteblock":1,"minecraft:sleep_in_bed":2,"minecraft:time_since_rest":30871,"minecraft:damage_taken":10027362,"minecraft:damage_dealt":15261,"minecraft:player_kills":3,"minecraft:swim_one_cm":7344,"minecraft:fly_one_cm":321625,"minecraft:open_chest":15,"minecraft:crouch_one_cm":8931,"minecraft:fall_one_cm":57778},"minecraft:dropped":{"minecraft:wheat_seeds":5,"cctvcraft:raw_aluminum":11,"arphex:infernal_chestplate":1,"born_in_chaos_v1:nightmare_mantleofthe_night_chestplate":2,"minecraft:mossy_cobblestone":2,"deep_dark_regrowth:spectating_galmium":1,"cgm:mini_gun":1,"born_in_chaos_v1:dark_ritual_dagger":1,"born_in_chaos_v1:soul_cutlass":1,"arphex:infernal_helmet":1,"minecraft:dirt":8,"arphex:infernal_boots":1,"born_in_chaos_v1:spiny_shell_armor_chestplate":1,"deep_dark_regrowth:plasma_pickaxe":1,"born_in_chaos_v1:great_reaper_axe":1,"minecraft:wooden_axe":1,"born_in_chaos_v1:spiritual_sword":1,"minecraft:wither_rose":2,"minecraft:white_banner":1,"minecraft:iron_axe":1,"minecraft:string":1,"born_in_chaos_v1:nightmare_mantleofthe_night_boots":3,"chiselsandbits:block_bit":372,"minecraft:bone":4,"born_in_chaos_v1:nightmare_scythe":1,"deep_dark_regrowth:sculk_carapace_piece":5,"minecraft:iron_nugget":1,"minecraft:raw_copper":21,"deep_dark_regrowth:omnitrident":1,"undead_revamp2:arapholia":1,"minecraft:rotten_flesh":13,"sophisticatedbackpacks:backpack":2,"minecraft:cooked_mutton":1,"deep_dark_regrowth:plasma_axe":4,"born_in_chaos_v1:spiny_shell_armor_helmet":1,"arphex:infernal_leggings":1,"cgm:basic_bullet":384,"minecraft:peony":1,"born_in_chaos_v1:corpse_maggot":1,"minecraft:leather_boots":1,"minecraft:andesite_stairs":1,"minecraft:spider_eye":2,"born_in_chaos_v1:nightmare_mantleofthe_night_helmet":2,"born_in_chaos_v1:supreme_measure":1,"minecraft:light_gray_concrete_powder":1,"born_in_chaos_v1:nightmare_mantleofthe_night_leggings":2,"born_in_chaos_v1:skullbreaker_hammer":1,"undead_revamp2:windtext":1},"minecraft:picked_up":{"minecraft:wooden_axe":1,"minecraft:iron_chestplate":1,"minecraft:crafting_table":2,"cgm:basic_bullet":128,"born_in_chaos_v1:river_mint":1,"minecraft:oak_stairs":3,"minecraft:wither_rose":2,"minecraft:chain":1,"minecraft:polished_deepslate":1,"minecraft:red_bed":1,"minecraft:string":4,"minecraft:raw_copper":21,"minecraft:iron_axe":1,"minecraft:smooth_stone_slab":3,"minecraft:blackstone":5,"minecraft:beef":8,"minecraft:andesite_stairs":1,"minecraft:calcite":1,"minecraft:poppy":1,"minecraft:light_gray_wool":1,"arphex:fire_opal":1,"minecraft:stick":4,"minecraft:copper_ingot":3,"minecraft:torch":1,"minecraft:porkchop":1,"dixtas_armory:diamond_battle_axe":1,"deep_dark_regrowth:sculk_carapace_piece":5,"minecraft:arrow":20,"minecraft:rotten_flesh":18,"minecraft:peony":2,"cgm:assault_rifle":1,"minecraft:hay_block":17,"minecraft:obsidian":5,"minecraft:mutton":2,"undead_revamp2:arapholia":2,"minecraft:cobblestone":9,"minecraft:birch_log":10,"born_in_chaos_v1:spiny_shell_armor_helmet":2,"born_in_chaos_v1:corpse_maggot":4,"born_in_chaos_v1:nightmare_mantleofthe_night_boots":1,"born_in_chaos_v1:monster_flesh":3,"minecraft:andesite":1,"minecraft:leather":4,"biomesoplenty:fir_sapling":1,"minecraft:birch_planks":20,"biomesoplenty:fir_log":7,"minecraft:oak_log":2,"minecraft:gunpowder":3,"minecraft:dirt":19,"minecraft:lantern":1,"minecraft:white_banner":3,"minecraft:light_gray_concrete_powder":1,"minecraft:cooked_mutton":1,"minecraft:leather_boots":1,"minecraft:bone":7,"born_in_chaos_v1:soul_cutlass":1,"minecraft:wheat_seeds":8,"deep_dark_regrowth:plasma_axe":3,"minecraft:iron_ingot":42,"minecraft:iron_sword":1,"minecraft:oak_planks":6,"cctvcraft:raw_aluminum":14,"minecraft:book":6,"minecraft:gray_glazed_terracotta":1,"born_in_chaos_v1:ethereal_spirit":2,"minecraft:sand":24,"minecraft:white_bed":2,"minecraft:green_carpet":11,"minecraft:mossy_cobblestone":2,"minecraft:spider_eye":3,"minecraft:polished_andesite":2,"minecraft:diamond":3,"minecraft:iron_helmet":1,"minecraft:crossbow":1,"minecraft:bread":1,"minecraft:emerald":1,"born_in_chaos_v1:spiny_shell_armor_chestplate":2,"minecraft:diamond_pickaxe":1},"minecraft:killed":{"born_in_chaos_v1:restless_spirit":1,"minecraft:spider":3,"minecraft:vindicator":1,"undead_revamp2:thesmoker":1,"undead_revamp2:theswarmer":1,"born_in_chaos_v1:maggot":3,"minecraft:skeleton":2,"the_knocker:knocker":1,"graveyard:ghouling":2,"undead_revamp2:therod":2,"undead_revamp2:thehorrors":1,"antlers:wendigo":1,"born_in_chaos_v1:mr_pumpkin_controlled":1,"minecraft:pig":1,"born_in_chaos_v1:bone_imp_minion":1,"born_in_chaos_v1:baby_skeleton":1,"minecraft:iron_golem":1,"born_in_chaos_v1:decrepit_skeleton":1,"minecraft:sheep":2,"minecraft:pillager":2,"minecraft:zombie":8,"endofherobrine:sheep":4,"apollyon:the_damned":1,"born_in_chaos_v1:controlled_baby_skeleton":2,"minecraft:cow":5}},"DataVersion":3465}