{"stats":{"minecraft:broken":{"minecraft:iron_axe":1},"minecraft:custom":{"minecraft:interact_with_furnace":4,"minecraft:mob_kills":13,"minecraft:interact_with_crafting_table":7,"minecraft:tune_noteblock":1,"minecraft:damage_dealt_resisted":39,"minecraft:leave_game":3,"minecraft:time_since_death":6149,"minecraft:sleep_in_bed":1,"minecraft:climb_one_cm":1842,"minecraft:time_since_rest":6180,"minecraft:sprint_one_cm":154086,"minecraft:damage_taken":10003431,"minecraft:walk_one_cm":233939,"minecraft:drop":86,"minecraft:damage_dealt":4232,"minecraft:play_noteblock":1,"minecraft:swim_one_cm":6367,"minecraft:fly_one_cm":112249,"minecraft:player_kills":1,"minecraft:open_chest":8,"minecraft:crouch_one_cm":4147,"minecraft:play_time":94502,"minecraft:deaths":14,"minecraft:sneak_time":2055,"minecraft:walk_under_water_one_cm":6946,"minecraft:jump":1010,"minecraft:walk_on_water_one_cm":17021,"minecraft:enchant_item":1,"minecraft:total_world_time":94502,"minecraft:fall_one_cm":30718},"minecraft:killed_by":{"man:managgresive":2,"minecraft:zombie":1,"antlers:wendigo":5,"born_in_chaos_v1:bone_imp_minion":1,"undead_revamp2:theswarmer":1,"bwrtherain:vapor":1},"minecraft:mined":{"undead_revamp2:arapholia":1,"minecraft:white_bed":1,"minecraft:red_bed":1,"minecraft:mossy_cobblestone":2,"minecraft:blackstone":5,"minecraft:andesite_stairs":1,"minecraft:gray_glazed_terracotta":1,"minecraft:crafting_table":2,"cctvcraft:aluminum_ore":8,"minecraft:light_gray_concrete_powder":1,"minecraft:grass_block":11,"minecraft:tall_grass":1,"minecraft:oak_planks":6,"minecraft:birch_planks":20,"minecraft:birch_log":10,"minecraft:andesite":1,"minecraft:birch_leaves":1,"born_in_chaos_v1:river_mint":1,"minecraft:peony":1,"minecraft:smooth_stone_slab":3,"minecraft:grass":6,"minecraft:oak_stairs":1,"minecraft:lantern":1,"minecraft:dirt":10,"minecraft:green_carpet":3,"minecraft:polished_blackstone":1},"minecraft:crafted":{"minecraft:crafting_table":1,"minecraft:iron_sword":1,"minecraft:birch_planks":40,"cctvcraft:aluminum_ingot":3,"minecraft:iron_axe":2,"minecraft:stick":4,"chiselsandbits:chisel_iron":1,"minecraft:iron_pickaxe":1,"minecraft:chest":1},"minecraft:used":{"born_in_chaos_v1:spiny_shell_armor_helmet":1,"minecraft:birch_planks":54,"minecraft:oak_planks":4,"minecraft:blackstone":5,"minecraft:chest":1,"minecraft:dirt":9,"minecraft:crafting_table":3,"minecraft:bread":1,"minecraft:lantern":1,"minecraft:iron_axe":187,"minecraft:iron_pickaxe":28,"born_in_chaos_v1:spiny_shell_armor_chestplate":1,"minecraft:green_carpet":11,"minecraft:cobblestone":6,"minecraft:gray_glazed_terracotta":1,"born_in_chaos_v1:river_mint":1,"minecraft:porkchop":1,"minecraft:andesite":1,"minecraft:smooth_stone_slab":3},"minecraft:killed":{"minecraft:pig":1,"born_in_chaos_v1:bone_imp_minion":1,"minecraft:iron_golem":1,"undead_revamp2:thesmoker":1,"undead_revamp2:theswarmer":1,"born_in_chaos_v1:maggot":1,"born_in_chaos_v1:decrepit_skeleton":1,"minecraft:zombie":3},"minecraft:dropped":{"minecraft:wheat_seeds":1,"cctvcraft:raw_aluminum":11,"minecraft:mossy_cobblestone":2,"undead_revamp2:arapholia":1,"minecraft:rotten_flesh":2,"born_in_chaos_v1:spiny_shell_armor_helmet":1,"minecraft:dirt":8,"born_in_chaos_v1:spiny_shell_armor_chestplate":1,"minecraft:peony":1,"minecraft:andesite_stairs":1,"minecraft:iron_axe":1,"minecraft:light_gray_concrete_powder":1,"chiselsandbits:block_bit":372,"minecraft:bone":3},"minecraft:picked_up":{"minecraft:birch_log":10,"born_in_chaos_v1:spiny_shell_armor_helmet":2,"born_in_chaos_v1:corpse_maggot":3,"minecraft:iron_chestplate":1,"minecraft:crafting_table":2,"born_in_chaos_v1:monster_flesh":3,"born_in_chaos_v1:river_mint":1,"minecraft:andesite":1,"minecraft:oak_stairs":3,"minecraft:birch_planks":20,"minecraft:gunpowder":1,"minecraft:red_bed":1,"minecraft:lantern":1,"minecraft:dirt":17,"minecraft:iron_axe":1,"minecraft:light_gray_concrete_powder":1,"minecraft:smooth_stone_slab":3,"minecraft:bone":4,"minecraft:blackstone":5,"minecraft:wheat_seeds":1,"minecraft:iron_ingot":14,"minecraft:andesite_stairs":1,"minecraft:poppy":1,"minecraft:oak_planks":6,"cctvcraft:raw_aluminum":14,"minecraft:stick":4,"minecraft:gray_glazed_terracotta":1,"born_in_chaos_v1:ethereal_spirit":1,"minecraft:porkchop":1,"dixtas_armory:diamond_battle_axe":1,"minecraft:white_bed":2,"minecraft:mossy_cobblestone":2,"minecraft:green_carpet":11,"minecraft:diamond":3,"minecraft:rotten_flesh":5,"minecraft:peony":1,"minecraft:iron_helmet":1,"minecraft:emerald":1,"born_in_chaos_v1:spiny_shell_armor_chestplate":2,"minecraft:bread":1,"minecraft:obsidian":5,"undead_revamp2:arapholia":1,"minecraft:cobblestone":7}},"DataVersion":3465}