{"stats":{"minecraft:broken":{"born_in_chaos_v1:spiny_shell_armor_chestplate":1,"born_in_chaos_v1:spiny_shell_armor_helmet":1,"minecraft:iron_axe":1},"minecraft:killed_by":{"minecraft:player":7,"born_in_chaos_v1:bone_imp_minion":1,"undead_revamp2:theswarmer":1,"bwrtherain:vapor":1,"man:managgresive":3,"apollyon:the_damned":1,"minecraft:zombie":1,"antlers:wendigo":6},"minecraft:used":{"minecraft:polished_deepslate":1,"minecraft:chest":1,"dixtas_armory:diamond_battle_axe":185,"minecraft:iron_sword":4,"minecraft:dirt":9,"minecraft:mutton":2,"minecraft:lantern":1,"minecraft:iron_axe":208,"minecraft:oak_stairs":3,"born_in_chaos_v1:spiny_shell_armor_chestplate":1,"minecraft:light_gray_wool":1,"minecraft:beef":8,"minecraft:gray_glazed_terracotta":1,"born_in_chaos_v1:spiny_shell_armor_helmet":1,"minecraft:birch_planks":54,"minecraft:polished_andesite":2,"minecraft:oak_planks":6,"minecraft:blackstone":5,"minecraft:crafting_table":3,"minecraft:crossbow":7,"minecraft:bread":1,"minecraft:iron_pickaxe":43,"minecraft:green_carpet":11,"minecraft:cobblestone":8,"minecraft:white_banner":1,"born_in_chaos_v1:river_mint":1,"minecraft:porkchop":1,"minecraft:andesite":1,"minecraft:smooth_stone_slab":3},"minecraft:mined":{"minecraft:white_bed":1,"minecraft:mossy_cobblestone":2,"minecraft:andesite_stairs":1,"minecraft:gray_glazed_terracotta":1,"cctvcraft:aluminum_ore":8,"minecraft:grass_block":12,"minecraft:hay_block":17,"minecraft:andesite":1,"minecraft:peony":1,"minecraft:polished_deepslate":1,"minecraft:bookshelf":2,"minecraft:oak_stairs":1,"minecraft:lantern":1,"minecraft:green_carpet":3,"minecraft:white_banner":1,"minecraft:stone":2,"minecraft:glass_pane":1,"minecraft:red_bed":1,"minecraft:blackstone":5,"minecraft:crafting_table":2,"minecraft:light_gray_concrete_powder":1,"minecraft:calcite":1,"minecraft:tall_grass":5,"minecraft:copper_ore":6,"minecraft:oak_planks":6,"minecraft:birch_planks":20,"minecraft:birch_log":10,"biomesoplenty:fir_log":8,"minecraft:birch_leaves":1,"born_in_chaos_v1:river_mint":1,"minecraft:smooth_stone_slab":3,"minecraft:grass":49,"minecraft:oak_log":2,"minecraft:sand":24,"minecraft:dirt":11,"minecraft:polished_blackstone":1,"minecraft:polished_andesite":2,"born_in_chaos_v1:infernal_evil_pumpkin_s":1,"antlers:bloody_cow":1,"undead_revamp2:arapholia":1},"minecraft:crafted":{"minecraft:oak_planks":8,"minecraft:iron_nugget":9,"cctvcraft:aluminum_ingot":3,"minecraft:iron_axe":2,"minecraft:chest":1,"minecraft:wheat":153,"minecraft:emerald":7,"minecraft:crafting_table":1,"minecraft:baked_potato":5,"minecraft:iron_sword":1,"minecraft:birch_planks":40,"biomesoplenty:fir_planks":28,"minecraft:shield":1,"minecraft:stick":4,"chiselsandbits:chisel_iron":1,"minecraft:iron_pickaxe":1},"minecraft:custom":{"minecraft:mob_kills":38,"minecraft:interact_with_crafting_table":10,"minecraft:bell_ring":37,"minecraft:damage_dealt_resisted":1773,"minecraft:leave_game":4,"minecraft:time_since_death":380,"minecraft:climb_one_cm":4128,"minecraft:sprint_one_cm":358433,"minecraft:walk_one_cm":409982,"minecraft:drop":97,"minecraft:play_noteblock":1,"minecraft:talked_to_villager":4,"minecraft:raid_win":1,"minecraft:play_time":164806,"minecraft:deaths":29,"minecraft:sneak_time":3478,"minecraft:walk_under_water_one_cm":7667,"minecraft:jump":2223,"minecraft:walk_on_water_one_cm":20591,"minecraft:enchant_item":4,"minecraft:total_world_time":164806,"minecraft:interact_with_furnace":6,"minecraft:traded_with_villager":7,"minecraft:tune_noteblock":1,"minecraft:sleep_in_bed":2,"minecraft:time_since_rest":497,"minecraft:damage_taken":10026490,"minecraft:damage_dealt":9543,"minecraft:swim_one_cm":6663,"minecraft:fly_one_cm":283756,"minecraft:player_kills":2,"minecraft:open_chest":15,"minecraft:crouch_one_cm":8275,"minecraft:fall_one_cm":56191},"minecraft:dropped":{"minecraft:wheat_seeds":4,"cctvcraft:raw_aluminum":11,"minecraft:mossy_cobblestone":2,"born_in_chaos_v1:soul_cutlass":1,"minecraft:dirt":8,"born_in_chaos_v1:spiny_shell_armor_chestplate":1,"minecraft:wooden_axe":1,"minecraft:white_banner":1,"minecraft:iron_axe":1,"minecraft:string":1,"chiselsandbits:block_bit":372,"minecraft:bone":4,"minecraft:raw_copper":21,"undead_revamp2:arapholia":1,"minecraft:rotten_flesh":13,"born_in_chaos_v1:spiny_shell_armor_helmet":1,"minecraft:peony":1,"born_in_chaos_v1:corpse_maggot":1,"minecraft:leather_boots":1,"minecraft:andesite_stairs":1,"minecraft:spider_eye":2,"minecraft:light_gray_concrete_powder":1},"minecraft:picked_up":{"minecraft:wooden_axe":1,"minecraft:crafting_table":2,"minecraft:iron_chestplate":1,"born_in_chaos_v1:river_mint":1,"minecraft:oak_stairs":3,"minecraft:chain":1,"minecraft:polished_deepslate":1,"minecraft:red_bed":1,"minecraft:string":1,"minecraft:raw_copper":21,"minecraft:iron_axe":1,"minecraft:smooth_stone_slab":3,"minecraft:blackstone":5,"minecraft:beef":8,"minecraft:andesite_stairs":1,"minecraft:calcite":1,"minecraft:poppy":1,"minecraft:light_gray_wool":1,"arphex:fire_opal":1,"minecraft:stick":4,"minecraft:copper_ingot":3,"minecraft:torch":1,"minecraft:porkchop":1,"dixtas_armory:diamond_battle_axe":1,"minecraft:arrow":20,"minecraft:rotten_flesh":13,"minecraft:peony":1,"cgm:assault_rifle":1,"minecraft:hay_block":17,"minecraft:cobblestone":9,"minecraft:obsidian":5,"minecraft:mutton":2,"undead_revamp2:arapholia":1,"minecraft:birch_log":10,"born_in_chaos_v1:spiny_shell_armor_helmet":2,"born_in_chaos_v1:corpse_maggot":4,"born_in_chaos_v1:monster_flesh":3,"minecraft:andesite":1,"minecraft:leather":4,"biomesoplenty:fir_sapling":1,"biomesoplenty:fir_log":7,"minecraft:birch_planks":20,"minecraft:oak_log":2,"minecraft:gunpowder":3,"minecraft:dirt":19,"minecraft:lantern":1,"minecraft:white_banner":3,"minecraft:light_gray_concrete_powder":1,"minecraft:leather_boots":1,"minecraft:bone":4,"born_in_chaos_v1:soul_cutlass":1,"minecraft:wheat_seeds":7,"minecraft:iron_ingot":42,"minecraft:iron_sword":1,"minecraft:oak_planks":6,"cctvcraft:raw_aluminum":14,"minecraft:book":6,"minecraft:gray_glazed_terracotta":1,"born_in_chaos_v1:ethereal_spirit":2,"minecraft:sand":24,"minecraft:white_bed":2,"minecraft:mossy_cobblestone":2,"minecraft:green_carpet":11,"minecraft:spider_eye":2,"minecraft:polished_andesite":2,"minecraft:diamond":3,"minecraft:iron_helmet":1,"minecraft:crossbow":1,"born_in_chaos_v1:spiny_shell_armor_chestplate":2,"minecraft:emerald":1,"minecraft:bread":1},"minecraft:killed":{"born_in_chaos_v1:restless_spirit":1,"minecraft:spider":1,"minecraft:vindicator":1,"undead_revamp2:thesmoker":1,"undead_revamp2:theswarmer":1,"born_in_chaos_v1:maggot":3,"minecraft:skeleton":1,"undead_revamp2:therod":2,"undead_revamp2:thehorrors":1,"born_in_chaos_v1:mr_pumpkin_controlled":1,"minecraft:pig":1,"born_in_chaos_v1:bone_imp_minion":1,"minecraft:iron_golem":1,"born_in_chaos_v1:decrepit_skeleton":1,"minecraft:sheep":1,"minecraft:pillager":2,"minecraft:zombie":7,"apollyon:the_damned":1,"minecraft:cow":4}},"DataVersion":3465}