{"stats":{"minecraft:used":{"born_in_chaos_v1:spiny_shell_armor_helmet":1,"minecraft:birch_planks":21,"minecraft:lantern":1,"minecraft:iron_axe":37,"minecraft:iron_pickaxe":25,"born_in_chaos_v1:spiny_shell_armor_chestplate":1,"minecraft:blackstone":4,"minecraft:green_carpet":11,"minecraft:dirt":2,"minecraft:cobblestone":6,"minecraft:crafting_table":2,"born_in_chaos_v1:river_mint":1,"minecraft:smooth_stone_slab":3},"minecraft:dropped":{"born_in_chaos_v1:spiny_shell_armor_chestplate":1,"undead_revamp2:arapholia":1,"born_in_chaos_v1:spiny_shell_armor_helmet":1},"minecraft:crafted":{"minecraft:iron_axe":1,"minecraft:crafting_table":1,"minecraft:iron_pickaxe":1,"minecraft:birch_planks":40,"cctvcraft:aluminum_ingot":3},"minecraft:killed":{"minecraft:pig":1,"born_in_chaos_v1:bone_imp_minion":1},"minecraft:mined":{"minecraft:birch_planks":2,"minecraft:mossy_cobblestone":2,"minecraft:blackstone":5,"minecraft:birch_log":10,"minecraft:andesite_stairs":1,"minecraft:birch_leaves":1,"born_in_chaos_v1:river_mint":1,"minecraft:crafting_table":2,"minecraft:smooth_stone_slab":3,"cctvcraft:aluminum_ore":8,"minecraft:grass":4,"minecraft:grass_block":11,"minecraft:lantern":1,"minecraft:dirt":6,"minecraft:green_carpet":3,"undead_revamp2:arapholia":1},"minecraft:picked_up":{"minecraft:birch_log":10,"born_in_chaos_v1:spiny_shell_armor_helmet":2,"minecraft:stick":4,"minecraft:crafting_table":2,"born_in_chaos_v1:river_mint":1,"minecraft:birch_planks":2,"minecraft:porkchop":1,"minecraft:white_bed":1,"minecraft:gunpowder":1,"minecraft:mossy_cobblestone":2,"minecraft:green_carpet":11,"minecraft:dirt":15,"minecraft:lantern":1,"minecraft:smooth_stone_slab":3,"minecraft:blackstone":5,"minecraft:wheat_seeds":1,"minecraft:iron_ingot":9,"minecraft:andesite_stairs":1,"born_in_chaos_v1:spiny_shell_armor_chestplate":2,"undead_revamp2:arapholia":1,"cctvcraft:raw_aluminum":14,"minecraft:cobblestone":7},"minecraft:custom":{"minecraft:time_since_rest":14217,"minecraft:interact_with_furnace":4,"minecraft:sprint_one_cm":75024,"minecraft:damage_taken":1299,"minecraft:walk_one_cm":73964,"minecraft:mob_kills":3,"minecraft:drop":3,"minecraft:damage_dealt":531,"minecraft:interact_with_crafting_table":3,"minecraft:swim_one_cm":6367,"minecraft:fly_one_cm":60083,"minecraft:crouch_one_cm":2317,"minecraft:play_time":33845,"minecraft:deaths":5,"minecraft:sneak_time":783,"minecraft:walk_under_water_one_cm":6571,"minecraft:damage_dealt_resisted":21,"minecraft:jump":491,"minecraft:time_since_death":15111,"minecraft:walk_on_water_one_cm":13117,"minecraft:sleep_in_bed":1,"minecraft:total_world_time":33845,"minecraft:fall_one_cm":12421},"minecraft:killed_by":{"man:managgresive":1,"born_in_chaos_v1:bone_imp_minion":1,"antlers:wendigo":2}},"DataVersion":3465}