{"stats":{"minecraft:custom":{"minecraft:interact_with_furnace":4,"minecraft:mob_kills":11,"minecraft:interact_with_crafting_table":5,"minecraft:tune_noteblock":1,"minecraft:damage_dealt_resisted":39,"minecraft:leave_game":3,"minecraft:time_since_death":11665,"minecraft:sleep_in_bed":1,"minecraft:climb_one_cm":1842,"minecraft:time_since_rest":11697,"minecraft:sprint_one_cm":141384,"minecraft:damage_taken":10003188,"minecraft:walk_one_cm":183332,"minecraft:drop":85,"minecraft:damage_dealt":2341,"minecraft:play_noteblock":1,"minecraft:swim_one_cm":6367,"minecraft:fly_one_cm":98391,"minecraft:player_kills":1,"minecraft:open_chest":3,"minecraft:crouch_one_cm":3812,"minecraft:play_time":82502,"minecraft:deaths":13,"minecraft:sneak_time":1547,"minecraft:walk_under_water_one_cm":6946,"minecraft:jump":871,"minecraft:walk_on_water_one_cm":17021,"minecraft:enchant_item":1,"minecraft:total_world_time":82502,"minecraft:fall_one_cm":26916},"minecraft:killed_by":{"man:managgresive":2,"minecraft:zombie":1,"antlers:wendigo":5,"born_in_chaos_v1:bone_imp_minion":1,"bwrtherain:vapor":1},"minecraft:mined":{"undead_revamp2:arapholia":1,"minecraft:white_bed":1,"minecraft:red_bed":1,"minecraft:mossy_cobblestone":2,"minecraft:blackstone":5,"minecraft:andesite_stairs":1,"minecraft:gray_glazed_terracotta":1,"minecraft:crafting_table":2,"cctvcraft:aluminum_ore":8,"minecraft:light_gray_concrete_powder":1,"minecraft:grass_block":11,"minecraft:birch_planks":4,"minecraft:birch_log":10,"minecraft:andesite":1,"minecraft:birch_leaves":1,"born_in_chaos_v1:river_mint":1,"minecraft:peony":1,"minecraft:smooth_stone_slab":3,"minecraft:grass":6,"minecraft:lantern":1,"minecraft:dirt":10,"minecraft:green_carpet":3,"minecraft:polished_blackstone":1},"minecraft:crafted":{"minecraft:crafting_table":1,"minecraft:birch_planks":40,"cctvcraft:aluminum_ingot":3,"minecraft:iron_axe":1,"minecraft:stick":4,"chiselsandbits:chisel_iron":1,"minecraft:iron_pickaxe":1},"minecraft:used":{"born_in_chaos_v1:spiny_shell_armor_helmet":1,"minecraft:birch_planks":32,"minecraft:blackstone":5,"minecraft:dirt":9,"minecraft:crafting_table":3,"minecraft:bread":1,"minecraft:lantern":1,"minecraft:iron_axe":86,"minecraft:iron_pickaxe":28,"born_in_chaos_v1:spiny_shell_armor_chestplate":1,"minecraft:green_carpet":11,"minecraft:cobblestone":6,"minecraft:gray_glazed_terracotta":1,"born_in_chaos_v1:river_mint":1,"minecraft:porkchop":1,"minecraft:andesite":1,"minecraft:smooth_stone_slab":3},"minecraft:killed":{"minecraft:pig":1,"born_in_chaos_v1:bone_imp_minion":1,"undead_revamp2:thesmoker":1,"born_in_chaos_v1:maggot":1,"born_in_chaos_v1:decrepit_skeleton":1,"minecraft:zombie":3},"minecraft:dropped":{"minecraft:wheat_seeds":1,"cctvcraft:raw_aluminum":11,"minecraft:mossy_cobblestone":2,"undead_revamp2:arapholia":1,"minecraft:rotten_flesh":2,"born_in_chaos_v1:spiny_shell_armor_helmet":1,"minecraft:dirt":8,"born_in_chaos_v1:spiny_shell_armor_chestplate":1,"minecraft:peony":1,"minecraft:andesite_stairs":1,"minecraft:light_gray_concrete_powder":1,"chiselsandbits:block_bit":372,"minecraft:bone":3},"minecraft:picked_up":{"minecraft:birch_log":10,"born_in_chaos_v1:spiny_shell_armor_helmet":2,"minecraft:crafting_table":2,"born_in_chaos_v1:river_mint":1,"minecraft:andesite":1,"minecraft:birch_planks":3,"minecraft:gunpowder":1,"minecraft:red_bed":1,"minecraft:lantern":1,"minecraft:dirt":17,"minecraft:light_gray_concrete_powder":1,"minecraft:smooth_stone_slab":3,"minecraft:bone":3,"minecraft:blackstone":5,"minecraft:wheat_seeds":1,"minecraft:iron_ingot":9,"minecraft:andesite_stairs":1,"cctvcraft:raw_aluminum":14,"minecraft:stick":4,"minecraft:gray_glazed_terracotta":1,"minecraft:porkchop":1,"minecraft:white_bed":2,"minecraft:mossy_cobblestone":2,"minecraft:green_carpet":11,"minecraft:rotten_flesh":2,"minecraft:peony":1,"born_in_chaos_v1:spiny_shell_armor_chestplate":2,"minecraft:bread":1,"undead_revamp2:arapholia":1,"minecraft:cobblestone":7}},"DataVersion":3465}