{"stats":{"minecraft:broken":{"minecraft:iron_axe":1},"minecraft:custom":{"minecraft:mob_kills":29,"minecraft:interact_with_crafting_table":7,"minecraft:bell_ring":37,"minecraft:damage_dealt_resisted":1475,"minecraft:leave_game":3,"minecraft:time_since_death":8380,"minecraft:climb_one_cm":4128,"minecraft:sprint_one_cm":257548,"minecraft:walk_one_cm":321525,"minecraft:drop":86,"minecraft:play_noteblock":1,"minecraft:talked_to_villager":4,"minecraft:play_time":124502,"minecraft:deaths":18,"minecraft:sneak_time":2437,"minecraft:walk_under_water_one_cm":7262,"minecraft:jump":1631,"minecraft:walk_on_water_one_cm":19435,"minecraft:enchant_item":1,"minecraft:total_world_time":124502,"minecraft:interact_with_furnace":4,"minecraft:traded_with_villager":7,"minecraft:tune_noteblock":1,"minecraft:sleep_in_bed":2,"minecraft:time_since_rest":8419,"minecraft:damage_taken":10004602,"minecraft:damage_dealt":7728,"minecraft:swim_one_cm":6663,"minecraft:player_kills":2,"minecraft:fly_one_cm":200583,"minecraft:open_chest":10,"minecraft:crouch_one_cm":5596,"minecraft:fall_one_cm":42956},"minecraft:killed_by":{"minecraft:player":1,"born_in_chaos_v1:bone_imp_minion":1,"undead_revamp2:theswarmer":1,"bwrtherain:vapor":1,"man:managgresive":3,"minecraft:zombie":1,"antlers:wendigo":5},"minecraft:mined":{"undead_revamp2:arapholia":1,"minecraft:white_bed":1,"minecraft:mossy_cobblestone":2,"minecraft:andesite_stairs":1,"minecraft:gray_glazed_terracotta":1,"cctvcraft:aluminum_ore":8,"minecraft:grass_block":11,"minecraft:hay_block":17,"minecraft:andesite":1,"minecraft:peony":1,"minecraft:polished_deepslate":1,"minecraft:bookshelf":2,"minecraft:lantern":1,"minecraft:oak_stairs":1,"minecraft:green_carpet":3,"minecraft:white_banner":1,"minecraft:glass_pane":1,"minecraft:red_bed":1,"minecraft:blackstone":5,"minecraft:crafting_table":2,"minecraft:light_gray_concrete_powder":1,"minecraft:calcite":1,"minecraft:tall_grass":5,"minecraft:oak_planks":6,"minecraft:birch_planks":20,"minecraft:birch_log":10,"minecraft:birch_leaves":1,"born_in_chaos_v1:river_mint":1,"minecraft:smooth_stone_slab":3,"minecraft:grass":25,"minecraft:oak_log":2,"minecraft:dirt":11,"minecraft:polished_blackstone":1,"minecraft:polished_andesite":2,"born_in_chaos_v1:infernal_evil_pumpkin_s":1,"antlers:bloody_cow":1},"minecraft:used":{"minecraft:polished_deepslate":1,"minecraft:chest":1,"dixtas_armory:diamond_battle_axe":111,"minecraft:iron_sword":4,"minecraft:dirt":9,"minecraft:mutton":2,"minecraft:lantern":1,"minecraft:iron_axe":194,"minecraft:oak_stairs":3,"born_in_chaos_v1:spiny_shell_armor_chestplate":1,"minecraft:light_gray_wool":1,"minecraft:beef":8,"minecraft:gray_glazed_terracotta":1,"born_in_chaos_v1:spiny_shell_armor_helmet":1,"minecraft:birch_planks":54,"minecraft:oak_planks":4,"minecraft:blackstone":5,"minecraft:crafting_table":3,"minecraft:bread":1,"minecraft:iron_pickaxe":35,"minecraft:green_carpet":11,"minecraft:cobblestone":6,"minecraft:white_banner":1,"born_in_chaos_v1:river_mint":1,"minecraft:porkchop":1,"minecraft:andesite":1,"minecraft:smooth_stone_slab":3},"minecraft:crafted":{"minecraft:oak_planks":4,"cctvcraft:aluminum_ingot":3,"minecraft:iron_axe":2,"minecraft:chest":1,"minecraft:wheat":153,"minecraft:emerald":7,"minecraft:crafting_table":1,"minecraft:iron_sword":1,"minecraft:birch_planks":40,"minecraft:stick":4,"chiselsandbits:chisel_iron":1,"minecraft:iron_pickaxe":1},"minecraft:killed":{"born_in_chaos_v1:restless_spirit":1,"undead_revamp2:thesmoker":1,"undead_revamp2:theswarmer":1,"born_in_chaos_v1:maggot":3,"undead_revamp2:therod":2,"undead_revamp2:thehorrors":1,"minecraft:pig":1,"born_in_chaos_v1:bone_imp_minion":1,"minecraft:iron_golem":1,"born_in_chaos_v1:decrepit_skeleton":1,"minecraft:sheep":1,"minecraft:pillager":1,"minecraft:zombie":5,"minecraft:cow":4},"minecraft:dropped":{"minecraft:wheat_seeds":1,"cctvcraft:raw_aluminum":11,"minecraft:mossy_cobblestone":2,"minecraft:dirt":8,"born_in_chaos_v1:spiny_shell_armor_chestplate":1,"minecraft:iron_axe":1,"chiselsandbits:block_bit":372,"minecraft:bone":3,"undead_revamp2:arapholia":1,"minecraft:rotten_flesh":2,"born_in_chaos_v1:spiny_shell_armor_helmet":1,"minecraft:peony":1,"minecraft:andesite_stairs":1,"minecraft:light_gray_concrete_powder":1},"minecraft:picked_up":{"minecraft:crafting_table":2,"minecraft:iron_chestplate":1,"born_in_chaos_v1:river_mint":1,"minecraft:oak_stairs":3,"minecraft:chain":1,"minecraft:polished_deepslate":1,"minecraft:red_bed":1,"minecraft:iron_axe":1,"minecraft:smooth_stone_slab":3,"minecraft:blackstone":5,"minecraft:beef":8,"minecraft:andesite_stairs":1,"minecraft:calcite":1,"minecraft:poppy":1,"minecraft:light_gray_wool":1,"minecraft:stick":4,"minecraft:copper_ingot":3,"minecraft:porkchop":1,"dixtas_armory:diamond_battle_axe":1,"minecraft:rotten_flesh":12,"minecraft:peony":1,"minecraft:hay_block":17,"minecraft:obsidian":5,"minecraft:mutton":2,"undead_revamp2:arapholia":1,"minecraft:cobblestone":7,"minecraft:birch_log":10,"born_in_chaos_v1:spiny_shell_armor_helmet":2,"born_in_chaos_v1:corpse_maggot":4,"born_in_chaos_v1:monster_flesh":3,"minecraft:andesite":1,"minecraft:leather":4,"minecraft:birch_planks":20,"minecraft:oak_log":2,"minecraft:gunpowder":1,"minecraft:dirt":18,"minecraft:lantern":1,"minecraft:white_banner":2,"minecraft:light_gray_concrete_powder":1,"minecraft:bone":4,"minecraft:wheat_seeds":4,"minecraft:iron_ingot":14,"minecraft:oak_planks":6,"cctvcraft:raw_aluminum":14,"minecraft:book":6,"minecraft:gray_glazed_terracotta":1,"born_in_chaos_v1:ethereal_spirit":2,"minecraft:white_bed":2,"minecraft:green_carpet":11,"minecraft:mossy_cobblestone":2,"minecraft:polished_andesite":2,"minecraft:diamond":3,"minecraft:iron_helmet":1,"minecraft:bread":1,"born_in_chaos_v1:spiny_shell_armor_chestplate":2,"minecraft:emerald":1}},"DataVersion":3465}