{"stats":{"minecraft:killed_by":{"born_in_chaos_v1:decaying_zombie":1,"apollyon:the_damned":1,"antlers:wendigo":6,"bwrtherain:vapor":1},"minecraft:custom":{"minecraft:interact_with_furnace":15,"minecraft:mob_kills":18,"minecraft:interact_with_crafting_table":8,"minecraft:damage_dealt_resisted":26,"minecraft:leave_game":1,"minecraft:time_since_death":1278,"minecraft:climb_one_cm":2951,"minecraft:time_since_rest":1331,"minecraft:sprint_one_cm":122223,"minecraft:damage_taken":10002880,"minecraft:walk_one_cm":56074,"minecraft:drop":18,"minecraft:damage_dealt":3003,"minecraft:swim_one_cm":5175,"minecraft:fly_one_cm":185981,"minecraft:crouch_one_cm":3643,"minecraft:play_time":37974,"minecraft:deaths":9,"minecraft:sneak_time":1158,"minecraft:walk_under_water_one_cm":664,"minecraft:interact_with_lectern":1,"minecraft:jump":778,"minecraft:walk_on_water_one_cm":3249,"minecraft:total_world_time":37974,"minecraft:fall_one_cm":26651},"minecraft:mined":{"minecraft:crafting_table":4,"cctvcraft:aluminum_ore":1,"minecraft:grass_block":3,"minecraft:calcite":1,"biomesoplenty:huge_clover_petal":5,"minecraft:birch_planks":6,"minecraft:furnace":1,"minecraft:birch_log":5,"minecraft:iron_ore":2,"minecraft:birch_leaves":1,"minecraft:andesite":2,"minecraft:polished_deepslate":2,"minecraft:grass":2,"biomesoplenty:clover":1,"minecraft:bookshelf":19,"minecraft:coal_ore":25,"minecraft:dirt":20,"minecraft:stone":33},"minecraft:crafted":{"minecraft:cooked_porkchop":5,"minecraft:crafting_table":1,"minecraft:wooden_pickaxe":3,"minecraft:cooked_chicken":3,"minecraft:furnace":2,"minecraft:birch_planks":96,"minecraft:stone_axe":2,"minecraft:air":0,"minecraft:stick":12,"minecraft:stone_pickaxe":1,"minecraft:wooden_axe":1},"minecraft:picked_up":{"minecraft:wooden_axe":5,"minecraft:birch_log":40,"born_in_chaos_v1:corpse_maggot":1,"minecraft:crafting_table":7,"minecraft:feather":2,"minecraft:chicken":4,"minecraft:wooden_pickaxe":3,"minecraft:birch_planks":112,"minecraft:polished_deepslate":2,"minecraft:dirt":44,"minecraft:wooden_sword":1,"minecraft:bone":4,"undead_revamp2:blacpetalblock":1,"minecraft:bow":1,"minecraft:beef":1,"minecraft:calcite":1,"cctvcraft:raw_aluminum":2,"minecraft:furnace":1,"minecraft:book":57,"minecraft:raw_iron":2,"minecraft:stick":10,"minecraft:porkchop":15,"minecraft:arrow":3,"minecraft:rotten_flesh":6,"born_in_chaos_v1:spiny_shell":4,"born_in_chaos_v1:rotten_fish":2,"minecraft:mutton":2,"minecraft:coal":25,"minecraft:white_wool":1,"minecraft:cobblestone":38},"minecraft:used":{"minecraft:polished_deepslate":2,"minecraft:birch_planks":14,"minecraft:stone_pickaxe":58,"undead_revamp2:blacpetalblock":1,"minecraft:wooden_pickaxe":10,"minecraft:rotten_flesh":1,"minecraft:cooked_chicken":3,"minecraft:dirt":13,"minecraft:crafting_table":4,"minecraft:wooden_axe":20,"minecraft:stone_axe":77,"minecraft:cobblestone":1,"born_in_chaos_v1:rotten_fish":2,"minecraft:furnace":2},"minecraft:dropped":{"minecraft:stone_axe":1,"cctvcraft:raw_aluminum":2,"minecraft:feather":2,"minecraft:stick":1,"minecraft:dirt":18,"minecraft:mutton":2,"born_in_chaos_v1:spiny_shell":4,"minecraft:wooden_axe":2,"born_in_chaos_v1:corpse_maggot":1,"minecraft:arrow":2,"minecraft:bow":1,"minecraft:beef":1,"minecraft:wooden_pickaxe":2,"minecraft:calcite":1,"minecraft:bone":1},"minecraft:killed":{"minecraft:pig":5,"born_in_chaos_v1:thornshell_crab":1,"born_in_chaos_v1:decrepit_skeleton":1,"minecraft:sheep":1,"minecraft:skeleton":1,"minecraft:zombie":1,"minecraft:chicken":4,"born_in_chaos_v1:corpse_fly":1,"minecraft:cow":1}},"DataVersion":3465}