{"stats":{"minecraft:used":{"minecraft:polished_deepslate":2,"undead_revamp2:blacpetalblock":1,"minecraft:shield":12,"minecraft:cooked_chicken":3,"minecraft:rotten_flesh":1,"minecraft:iron_chestplate":2,"minecraft:torch":8,"minecraft:dirt":13,"minecraft:tuff":1,"minecraft:granite":1,"minecraft:wooden_axe":20,"born_in_chaos_v1:smoked_flesh":1,"minecraft:iron_axe":68,"minecraft:oak_stairs":3,"minecraft:iron_boots":1,"minecraft:furnace":6,"minecraft:cobbled_deepslate":8,"minecraft:cooked_mutton":6,"minecraft:water_bucket":9,"minecraft:diorite":25,"minecraft:birch_planks":117,"minecraft:stone_pickaxe":123,"minecraft:wooden_pickaxe":10,"minecraft:diamond_axe":198,"born_in_chaos_v1:infected_diamond_ore":11,"minecraft:golden_apple":1,"minecraft:oak_slab":3,"minecraft:crafting_table":10,"minecraft:white_bed":5,"minecraft:diamond_pickaxe":49,"minecraft:black_wool":1,"minecraft:iron_pickaxe":129,"minecraft:stone_axe":142,"minecraft:cobblestone":77,"born_in_chaos_v1:rotten_fish":2,"minecraft:cooked_porkchop":16,"minecraft:andesite":1,"minecraft:bucket":10},"minecraft:dropped":{"minecraft:iron_ingot":3,"minecraft:birch_planks":13,"cctvcraft:raw_aluminum":4,"minecraft:crafting_table":1,"minecraft:dripstone_block":10,"minecraft:oak_fence":1,"minecraft:feather":3,"minecraft:book":83,"minecraft:leather":1,"minecraft:amethyst_block":6,"minecraft:granite":6,"born_in_chaos_v1:pieceofdarkmetal":1,"graveyard:corruption":1,"minecraft:coal":15,"minecraft:stick":6,"born_in_chaos_v1:monster_flesh":1,"minecraft:dirt":22,"cctvcraft:aluminum_ingot":7,"born_in_chaos_v1:gnawed_bones":1,"minecraft:gray_wool":2,"minecraft:diorite":4,"born_in_chaos_v1:monster_skin":1,"minecraft:mutton":2,"minecraft:wooden_axe":2,"minecraft:chain":1,"minecraft:bone_meal":24,"minecraft:iron_pickaxe":1,"born_in_chaos_v1:infected_diamond_ore":2,"minecraft:string":17,"minecraft:white_wool":2,"minecraft:bucket":1,"minecraft:bone":9,"minecraft:furnace":1,"minecraft:stone_axe":3,"minecraft:cobbled_deepslate":1,"minecraft:raw_copper":1,"minecraft:bowl":1,"minecraft:black_carpet":1,"minecraft:tuff":1,"minecraft:raw_iron":11,"minecraft:pointed_dripstone":2,"born_in_chaos_v1:ethereal_spirit":15,"minecraft:chicken":1,"minecraft:rotten_flesh":29,"born_in_chaos_v1:smoked_flesh":5,"minecraft:iron_boots":1,"minecraft:white_bed":1,"minecraft:mangrove_log":1,"minecraft:gunpowder":8,"minecraft:iron_chestplate":1,"minecraft:andesite":3,"born_in_chaos_v1:spiny_shell":5,"born_in_chaos_v1:corpse_maggot":5,"minecraft:azalea":1,"minecraft:ladder":4,"born_in_chaos_v1:diamond_termite_shard":5,"minecraft:spruce_log":3,"minecraft:bow":1,"minecraft:arrow":9,"minecraft:stone_pickaxe":2,"minecraft:beef":5,"minecraft:wooden_pickaxe":2,"minecraft:raw_gold":1,"minecraft:calcite":1},"minecraft:crafted":{"minecraft:cooked_chicken":3,"minecraft:furnace":3,"minecraft:bone_meal":12,"cctvcraft:aluminum_ingot":7,"minecraft:cooked_mutton":7,"minecraft:diamond":1,"minecraft:iron_boots":1,"minecraft:iron_axe":1,"minecraft:stone_pickaxe":1,"minecraft:cooked_porkchop":17,"minecraft:crafting_table":1,"minecraft:wooden_pickaxe":3,"minecraft:iron_helmet":1,"minecraft:birch_planks":152,"minecraft:stone_axe":2,"minecraft:air":0,"minecraft:iron_chestplate":1,"minecraft:diamond_pickaxe":1,"minecraft:shield":1,"minecraft:stick":20,"minecraft:iron_ingot":28,"minecraft:iron_pickaxe":1,"minecraft:wooden_axe":1,"minecraft:iron_leggings":1,"minecraft:white_bed":2,"minecraft:torch":8},"minecraft:broken":{"minecraft:iron_helmet":1},"minecraft:killed":{"graveyard:skeleton_creeper":2,"minecraft:spider":1,"born_in_chaos_v1:thornshell_crab":1,"born_in_chaos_v1:scarlet_persecutor":2,"minecraft:skeleton":2,"arphex:long_legs_fly":1,"minecraft:chicken":4,"minecraft:pig":6,"born_in_chaos_v1:diamond_termite":14,"undead_revamp2:the_moonflower":5,"born_in_chaos_v1:decrepit_skeleton":2,"minecraft:sheep":6,"undead_revamp2:thesomnolence":1,"minecraft:zombie":11,"born_in_chaos_v1:corpse_fly":1,"born_in_chaos_v1:door_knight":2,"minecraft:cow":2},"minecraft:mined":{"minecraft:tuff":2,"minecraft:white_bed":1,"minecraft:mossy_cobblestone":2,"minecraft:deepslate_diamond_ore":2,"born_in_chaos_v1:infected_diamond_ore":9,"minecraft:glow_lichen":1,"cctvcraft:aluminum_ore":2,"minecraft:granite":3,"minecraft:grass_block":4,"minecraft:spawner":1,"minecraft:furnace":5,"minecraft:iron_ore":31,"minecraft:cobbled_deepslate":3,"minecraft:andesite":4,"minecraft:black_carpet":1,"minecraft:deepslate_lapis_ore":4,"minecraft:polished_deepslate":2,"minecraft:bookshelf":19,"minecraft:pointed_dripstone":4,"minecraft:deepslate_iron_ore":14,"minecraft:stone":67,"minecraft:oak_fence":1,"minecraft:crafting_table":10,"minecraft:calcite":1,"minecraft:tall_grass":1,"minecraft:cobblestone":21,"minecraft:deepslate_gold_ore":1,"biomesoplenty:huge_clover_petal":5,"minecraft:diorite":27,"minecraft:amethyst_block":5,"minecraft:chain":2,"minecraft:birch_planks":33,"minecraft:birch_log":22,"minecraft:birch_leaves":16,"minecraft:grass":5,"biomesoplenty:clover":1,"minecraft:coal_ore":28,"minecraft:dark_oak_button":1,"minecraft:dripstone_block":4,"minecraft:dirt":25,"minecraft:polished_andesite":1,"minecraft:deepslate":13},"minecraft:picked_up":{"minecraft:wooden_axe":5,"minecraft:iron_chestplate":1,"minecraft:crafting_table":14,"born_in_chaos_v1:diamond_termite_shard":14,"minecraft:black_carpet":1,"minecraft:chicken":4,"minecraft:ladder":4,"minecraft:wooden_pickaxe":3,"minecraft:oak_stairs":3,"minecraft:chain":1,"minecraft:amethyst_block":6,"minecraft:polished_deepslate":2,"minecraft:string":1,"minecraft:raw_copper":1,"minecraft:wooden_sword":1,"graveyard:corruption":1,"minecraft:cobbled_deepslate":23,"minecraft:bucket":1,"minecraft:beef":5,"born_in_chaos_v1:gnawed_bones":1,"minecraft:calcite":1,"minecraft:azalea":1,"minecraft:iron_boots":1,"minecraft:mangrove_log":1,"minecraft:furnace":5,"minecraft:stick":14,"minecraft:raw_iron":48,"minecraft:oak_fence":1,"minecraft:bowl":1,"minecraft:porkchop":17,"minecraft:pointed_dripstone":6,"minecraft:diorite":29,"born_in_chaos_v1:pieceofdarkmetal":1,"minecraft:arrow":7,"minecraft:rotten_flesh":35,"born_in_chaos_v1:spiny_shell":6,"born_in_chaos_v1:infected_diamond_ore":1,"minecraft:mutton":9,"minecraft:white_wool":8,"minecraft:cobblestone":102,"born_in_chaos_v1:fused_bone":2,"minecraft:birch_log":56,"born_in_chaos_v1:corpse_maggot":5,"minecraft:feather":3,"born_in_chaos_v1:monster_flesh":1,"minecraft:andesite":4,"minecraft:leather":1,"minecraft:birch_planks":140,"minecraft:tuff":2,"minecraft:lapis_lazuli":25,"minecraft:dirt":48,"born_in_chaos_v1:monster_skin":1,"minecraft:bone":12,"undead_revamp2:blacpetalblock":1,"minecraft:bow":1,"minecraft:raw_gold":1,"minecraft:iron_ingot":5,"born_in_chaos_v1:smoked_flesh":6,"minecraft:stone_pickaxe":1,"cctvcraft:raw_aluminum":4,"minecraft:book":83,"minecraft:oak_slab":3,"born_in_chaos_v1:ethereal_spirit":15,"minecraft:dripstone_block":10,"minecraft:white_bed":5,"minecraft:spruce_log":3,"minecraft:diamond":3,"minecraft:stone_axe":1,"minecraft:granite":7,"minecraft:bone_meal":12,"minecraft:gray_wool":2,"born_in_chaos_v1:rotten_fish":2,"minecraft:black_wool":1,"minecraft:coal":58},"minecraft:custom":{"minecraft:interact_with_smithing_table":1,"minecraft:mob_kills":67,"minecraft:interact_with_crafting_table":30,"minecraft:open_barrel":11,"minecraft:bell_ring":14,"minecraft:damage_dealt_resisted":323,"minecraft:leave_game":2,"minecraft:time_since_death":4646,"minecraft:climb_one_cm":3430,"minecraft:sprint_one_cm":392772,"minecraft:walk_one_cm":216957,"minecraft:damage_blocked_by_shield":615,"minecraft:drop":115,"minecraft:play_time":139580,"minecraft:deaths":42,"minecraft:sneak_time":11554,"minecraft:walk_under_water_one_cm":8269,"minecraft:interact_with_lectern":1,"minecraft:jump":2696,"minecraft:walk_on_water_one_cm":19317,"minecraft:total_world_time":139580,"minecraft:interact_with_furnace":50,"minecraft:sleep_in_bed":6,"minecraft:time_since_rest":4682,"minecraft:damage_taken":10013601,"minecraft:damage_absorbed":40,"minecraft:damage_dealt":11877,"minecraft:player_kills":1,"minecraft:swim_one_cm":63814,"minecraft:fly_one_cm":584226,"minecraft:open_chest":8,"minecraft:crouch_one_cm":23307,"minecraft:fall_one_cm":99199},"minecraft:killed_by":{"undead_revamp2:the_moonflower":1,"born_in_chaos_v1:nightmare_stalker":3,"minecraft:creeper":1,"minecraft:spider":2,"apollyon:the_infector":1,"born_in_chaos_v1:fallen_chaos_knight":3,"undead_revamp2:clogger":1,"bwrtherain:vapor":1,"born_in_chaos_v1:decaying_zombie":1,"man:managgresive":1,"apollyon:the_damned":1,"minecraft:skeleton":3,"minecraft:zombie":2,"antlers:wendigo":10,"born_in_chaos_v1:scarlet_persecutor":2}},"DataVersion":3465}