{"stats":{"minecraft:killed_by":{"born_in_chaos_v1:decaying_zombie":1,"man:managgresive":1,"apollyon:the_damned":1,"minecraft:spider":1,"apollyon:the_infector":1,"antlers:wendigo":9,"bwrtherain:vapor":1},"minecraft:custom":{"minecraft:interact_with_furnace":15,"minecraft:mob_kills":25,"minecraft:interact_with_crafting_table":9,"minecraft:damage_dealt_resisted":26,"minecraft:leave_game":1,"minecraft:time_since_death":209,"minecraft:climb_one_cm":3430,"minecraft:time_since_rest":242,"minecraft:sprint_one_cm":176861,"minecraft:damage_taken":10004802,"minecraft:walk_one_cm":74564,"minecraft:drop":29,"minecraft:damage_dealt":3803,"minecraft:swim_one_cm":13526,"minecraft:fly_one_cm":274499,"minecraft:crouch_one_cm":4573,"minecraft:play_time":49974,"minecraft:deaths":18,"minecraft:sneak_time":1512,"minecraft:walk_under_water_one_cm":1383,"minecraft:interact_with_lectern":1,"minecraft:jump":1112,"minecraft:walk_on_water_one_cm":5655,"minecraft:total_world_time":49974,"minecraft:fall_one_cm":38529},"minecraft:mined":{"minecraft:crafting_table":5,"cctvcraft:aluminum_ore":1,"minecraft:grass_block":3,"minecraft:calcite":1,"biomesoplenty:huge_clover_petal":5,"minecraft:birch_planks":6,"minecraft:furnace":1,"minecraft:birch_log":5,"minecraft:iron_ore":2,"minecraft:birch_leaves":8,"minecraft:andesite":2,"minecraft:black_carpet":1,"minecraft:polished_deepslate":2,"minecraft:grass":2,"biomesoplenty:clover":1,"minecraft:bookshelf":19,"minecraft:coal_ore":25,"minecraft:dirt":22,"minecraft:polished_andesite":1,"minecraft:stone":33},"minecraft:crafted":{"minecraft:cooked_porkchop":5,"minecraft:crafting_table":1,"minecraft:wooden_pickaxe":3,"minecraft:cooked_chicken":3,"minecraft:furnace":2,"minecraft:birch_planks":96,"minecraft:stone_axe":2,"minecraft:air":0,"minecraft:shield":1,"minecraft:stick":12,"minecraft:stone_pickaxe":1,"minecraft:wooden_axe":1},"minecraft:picked_up":{"minecraft:wooden_axe":5,"minecraft:birch_log":40,"born_in_chaos_v1:corpse_maggot":1,"minecraft:crafting_table":8,"minecraft:black_carpet":1,"minecraft:feather":2,"minecraft:chicken":4,"minecraft:ladder":4,"minecraft:wooden_pickaxe":3,"minecraft:oak_stairs":3,"minecraft:birch_planks":112,"minecraft:polished_deepslate":2,"minecraft:dirt":44,"minecraft:wooden_sword":1,"minecraft:bone":6,"undead_revamp2:blacpetalblock":1,"graveyard:corruption":1,"minecraft:bow":1,"minecraft:iron_ingot":1,"minecraft:beef":2,"minecraft:azalea":1,"minecraft:calcite":1,"minecraft:mangrove_log":1,"cctvcraft:raw_aluminum":2,"minecraft:furnace":1,"minecraft:book":57,"minecraft:oak_slab":3,"minecraft:raw_iron":2,"minecraft:stick":10,"minecraft:porkchop":15,"minecraft:spruce_log":3,"minecraft:arrow":3,"minecraft:rotten_flesh":7,"minecraft:stone_axe":1,"born_in_chaos_v1:spiny_shell":6,"born_in_chaos_v1:rotten_fish":2,"minecraft:black_wool":1,"minecraft:mutton":9,"minecraft:coal":25,"minecraft:white_wool":6,"minecraft:cobblestone":38},"minecraft:used":{"minecraft:polished_deepslate":2,"minecraft:birch_planks":20,"minecraft:stone_pickaxe":64,"undead_revamp2:blacpetalblock":1,"minecraft:wooden_pickaxe":10,"minecraft:rotten_flesh":1,"minecraft:cooked_chicken":3,"minecraft:dirt":13,"minecraft:oak_slab":3,"minecraft:crafting_table":5,"minecraft:wooden_axe":20,"minecraft:black_wool":1,"minecraft:oak_stairs":3,"minecraft:stone_axe":91,"minecraft:cobblestone":1,"born_in_chaos_v1:rotten_fish":2,"minecraft:furnace":2,"minecraft:cooked_porkchop":1},"minecraft:dropped":{"minecraft:stone_axe":2,"cctvcraft:raw_aluminum":2,"minecraft:black_carpet":1,"minecraft:chicken":1,"minecraft:feather":2,"minecraft:rotten_flesh":1,"minecraft:stick":1,"minecraft:dirt":18,"minecraft:mangrove_log":1,"minecraft:mutton":2,"born_in_chaos_v1:spiny_shell":5,"minecraft:wooden_axe":2,"born_in_chaos_v1:corpse_maggot":1,"minecraft:azalea":1,"minecraft:ladder":4,"minecraft:spruce_log":3,"minecraft:arrow":2,"minecraft:bow":1,"minecraft:beef":2,"minecraft:wooden_pickaxe":2,"minecraft:calcite":1,"minecraft:bone":3},"minecraft:killed":{"minecraft:pig":5,"graveyard:skeleton_creeper":2,"born_in_chaos_v1:thornshell_crab":1,"born_in_chaos_v1:decrepit_skeleton":1,"minecraft:sheep":6,"minecraft:skeleton":1,"minecraft:zombie":1,"minecraft:chicken":4,"born_in_chaos_v1:corpse_fly":1,"minecraft:cow":1}},"DataVersion":3465}