{"stats":{"minecraft:killed_by":{"bwrtherain:vapor":1},"minecraft:custom":{"minecraft:time_since_rest":1803,"minecraft:crouch_one_cm":453,"minecraft:play_time":6356,"minecraft:sprint_one_cm":5798,"minecraft:deaths":1,"minecraft:damage_taken":10000185,"minecraft:walk_one_cm":5140,"minecraft:sneak_time":81,"minecraft:jump":33,"minecraft:damage_dealt":170,"minecraft:leave_game":1,"minecraft:time_since_death":0,"minecraft:total_world_time":6356,"minecraft:fall_one_cm":1254,"minecraft:interact_with_crafting_table":2,"minecraft:fly_one_cm":10024},"minecraft:mined":{"minecraft:grass_block":1,"minecraft:dirt":1,"minecraft:birch_log":5,"minecraft:crafting_table":1},"minecraft:crafted":{"minecraft:birch_planks":24,"minecraft:crafting_table":1,"minecraft:stick":4,"minecraft:wooden_pickaxe":1,"minecraft:wooden_axe":1},"minecraft:picked_up":{"minecraft:birch_log":6,"minecraft:crafting_table":1,"minecraft:rotten_flesh":1,"minecraft:dirt":2},"minecraft:used":{"minecraft:rotten_flesh":1,"minecraft:wooden_axe":1,"minecraft:dirt":1,"minecraft:crafting_table":1}},"DataVersion":3465}