{"stats":{"minecraft:killed_by":{"undead_revamp2:the_moonflower":1,"minecraft:spider":2,"apollyon:the_infector":1,"bwrtherain:vapor":1,"born_in_chaos_v1:decaying_zombie":1,"man:managgresive":1,"apollyon:the_damned":1,"minecraft:skeleton":1,"antlers:wendigo":10},"minecraft:custom":{"minecraft:interact_with_smithing_table":1,"minecraft:mob_kills":36,"minecraft:interact_with_crafting_table":21,"minecraft:open_barrel":11,"minecraft:bell_ring":14,"minecraft:damage_dealt_resisted":85,"minecraft:leave_game":1,"minecraft:time_since_death":450,"minecraft:climb_one_cm":3430,"minecraft:sprint_one_cm":244689,"minecraft:walk_one_cm":121425,"minecraft:damage_blocked_by_shield":105,"minecraft:drop":70,"minecraft:play_time":85974,"minecraft:deaths":23,"minecraft:sneak_time":7777,"minecraft:walk_under_water_one_cm":3966,"minecraft:interact_with_lectern":1,"minecraft:jump":1635,"minecraft:walk_on_water_one_cm":11948,"minecraft:total_world_time":85974,"minecraft:interact_with_furnace":40,"minecraft:sleep_in_bed":6,"minecraft:time_since_rest":501,"minecraft:damage_taken":10006861,"minecraft:damage_dealt":5682,"minecraft:swim_one_cm":49222,"minecraft:fly_one_cm":372526,"minecraft:open_chest":8,"minecraft:crouch_one_cm":17739,"minecraft:fall_one_cm":54637},"minecraft:mined":{"minecraft:white_bed":1,"minecraft:mossy_cobblestone":2,"cctvcraft:aluminum_ore":2,"minecraft:granite":3,"minecraft:grass_block":4,"minecraft:spawner":1,"minecraft:furnace":2,"minecraft:iron_ore":22,"minecraft:andesite":4,"minecraft:black_carpet":1,"minecraft:polished_deepslate":2,"minecraft:bookshelf":19,"minecraft:stone":51,"minecraft:crafting_table":7,"minecraft:calcite":1,"minecraft:cobblestone":9,"biomesoplenty:huge_clover_petal":5,"minecraft:diorite":26,"minecraft:amethyst_block":5,"minecraft:birch_planks":24,"minecraft:birch_log":5,"minecraft:birch_leaves":9,"minecraft:grass":2,"biomesoplenty:clover":1,"minecraft:coal_ore":28,"minecraft:dark_oak_button":1,"minecraft:dirt":25,"minecraft:polished_andesite":1},"minecraft:crafted":{"minecraft:cooked_chicken":3,"minecraft:furnace":2,"minecraft:bone_meal":12,"cctvcraft:aluminum_ingot":7,"minecraft:cooked_mutton":7,"minecraft:iron_boots":1,"minecraft:iron_axe":1,"minecraft:stone_pickaxe":1,"minecraft:cooked_porkchop":17,"minecraft:crafting_table":1,"minecraft:wooden_pickaxe":3,"minecraft:iron_helmet":1,"minecraft:birch_planks":96,"minecraft:stone_axe":2,"minecraft:air":0,"minecraft:iron_chestplate":1,"minecraft:shield":1,"minecraft:stick":20,"minecraft:iron_ingot":22,"minecraft:iron_pickaxe":1,"minecraft:wooden_axe":1,"minecraft:white_bed":2,"minecraft:torch":8},"minecraft:picked_up":{"minecraft:wooden_axe":5,"minecraft:crafting_table":10,"minecraft:black_carpet":1,"minecraft:chicken":4,"minecraft:ladder":4,"minecraft:wooden_pickaxe":3,"minecraft:oak_stairs":3,"minecraft:amethyst_block":6,"minecraft:polished_deepslate":2,"minecraft:raw_copper":1,"minecraft:wooden_sword":1,"graveyard:corruption":1,"minecraft:bucket":1,"minecraft:beef":5,"born_in_chaos_v1:gnawed_bones":1,"minecraft:calcite":1,"minecraft:azalea":1,"minecraft:mangrove_log":1,"minecraft:furnace":2,"minecraft:stick":10,"minecraft:raw_iron":24,"minecraft:porkchop":17,"minecraft:diorite":28,"minecraft:arrow":3,"minecraft:rotten_flesh":24,"born_in_chaos_v1:spiny_shell":6,"minecraft:mutton":9,"minecraft:white_wool":6,"minecraft:cobblestone":73,"born_in_chaos_v1:fused_bone":2,"minecraft:birch_log":40,"born_in_chaos_v1:corpse_maggot":5,"minecraft:feather":3,"born_in_chaos_v1:monster_flesh":1,"minecraft:andesite":4,"minecraft:leather":1,"minecraft:birch_planks":128,"minecraft:dirt":48,"born_in_chaos_v1:monster_skin":1,"minecraft:bone":6,"undead_revamp2:blacpetalblock":1,"minecraft:bow":1,"born_in_chaos_v1:smoked_flesh":6,"minecraft:iron_ingot":1,"minecraft:stone_pickaxe":1,"cctvcraft:raw_aluminum":4,"minecraft:book":83,"minecraft:oak_slab":3,"minecraft:white_bed":5,"minecraft:spruce_log":3,"minecraft:stone_axe":1,"minecraft:granite":7,"minecraft:bone_meal":12,"minecraft:gray_wool":2,"born_in_chaos_v1:rotten_fish":2,"minecraft:black_wool":1,"minecraft:coal":28},"minecraft:used":{"minecraft:polished_deepslate":2,"undead_revamp2:blacpetalblock":1,"minecraft:shield":2,"minecraft:cooked_chicken":3,"minecraft:rotten_flesh":1,"minecraft:iron_chestplate":1,"minecraft:torch":6,"minecraft:dirt":13,"minecraft:granite":1,"minecraft:wooden_axe":20,"born_in_chaos_v1:smoked_flesh":1,"minecraft:iron_axe":12,"minecraft:oak_stairs":3,"minecraft:furnace":4,"minecraft:diorite":25,"minecraft:birch_planks":60,"minecraft:stone_pickaxe":123,"minecraft:wooden_pickaxe":10,"minecraft:oak_slab":3,"minecraft:crafting_table":7,"minecraft:white_bed":5,"minecraft:black_wool":1,"minecraft:iron_pickaxe":45,"minecraft:stone_axe":142,"minecraft:cobblestone":28,"born_in_chaos_v1:rotten_fish":2,"minecraft:cooked_porkchop":4,"minecraft:andesite":1},"minecraft:dropped":{"minecraft:birch_planks":6,"cctvcraft:raw_aluminum":4,"minecraft:crafting_table":1,"minecraft:feather":3,"minecraft:book":57,"minecraft:leather":1,"minecraft:amethyst_block":6,"minecraft:granite":6,"graveyard:corruption":1,"minecraft:stick":3,"born_in_chaos_v1:monster_flesh":1,"minecraft:dirt":22,"born_in_chaos_v1:gnawed_bones":1,"minecraft:gray_wool":2,"minecraft:diorite":3,"born_in_chaos_v1:monster_skin":1,"minecraft:mutton":2,"minecraft:wooden_axe":2,"minecraft:bone_meal":24,"minecraft:bone":3,"minecraft:stone_axe":3,"minecraft:raw_copper":1,"minecraft:black_carpet":1,"minecraft:raw_iron":2,"minecraft:chicken":1,"minecraft:rotten_flesh":17,"born_in_chaos_v1:smoked_flesh":5,"minecraft:white_bed":1,"minecraft:mangrove_log":1,"born_in_chaos_v1:spiny_shell":5,"minecraft:andesite":3,"born_in_chaos_v1:corpse_maggot":5,"minecraft:azalea":1,"minecraft:ladder":4,"minecraft:spruce_log":3,"minecraft:bow":1,"minecraft:arrow":6,"minecraft:wooden_pickaxe":2,"minecraft:beef":5,"minecraft:stone_pickaxe":2,"minecraft:calcite":1},"minecraft:killed":{"graveyard:skeleton_creeper":2,"minecraft:spider":1,"born_in_chaos_v1:thornshell_crab":1,"minecraft:skeleton":1,"minecraft:chicken":4,"minecraft:pig":6,"undead_revamp2:the_moonflower":1,"born_in_chaos_v1:decrepit_skeleton":1,"minecraft:sheep":6,"minecraft:zombie":7,"born_in_chaos_v1:corpse_fly":1,"born_in_chaos_v1:door_knight":1,"minecraft:cow":2}},"DataVersion":3465}