{"stats":{"minecraft:broken":{"minecraft:iron_boots":1,"minecraft:iron_chestplate":1,"born_in_chaos_v1:spiny_shell_armor_helmet":2,"minecraft:shield":1,"minecraft:iron_helmet":1},"minecraft:used":{"minecraft:polished_deepslate":2,"chiselsandbits:chiseled_block":3,"minecraft:spruce_slab":2,"minecraft:ladder":15,"minecraft:chest":6,"minecraft:shield":123,"minecraft:rotten_flesh":5,"minecraft:iron_chestplate":2,"minecraft:nether_bricks":8,"born_in_chaos_v1:soul_cutlass":17,"minecraft:obsidian":3,"minecraft:stripped_spruce_log":1,"minecraft:tuff":4,"born_in_chaos_v1:smoked_flesh":6,"minecraft:lava_bucket":2,"minecraft:dark_oak_slab":1,"born_in_chaos_v1:dark_vortex_spawn_egg":1,"minecraft:golden_sword":2,"minecraft:deepslate_diamond_ore":20,"minecraft:furnace":10,"minecraft:diorite":25,"minecraft:oak_planks":1,"minecraft:stone_pickaxe":123,"minecraft:blackstone_stairs":4,"minecraft:ender_pearl":11,"minecraft:wooden_pickaxe":10,"minecraft:diamond_axe":803,"biomesoplenty:lavender":1,"born_in_chaos_v1:infected_diamond_ore":11,"minecraft:golden_apple":1,"arphex:abyssal_pickaxe":116,"born_in_chaos_v1:holiday_candy":11,"dixtas_armory:diamond_halberd":9,"minecraft:note_block":1,"minecraft:gray_concrete":11,"minecraft:deepslate_lapis_ore":8,"minecraft:redstone_torch":1,"born_in_chaos_v1:skeleton_thrasher_spawn_egg":1,"minecraft:bread":52,"cgm:assault_rifle":7,"dixtas_armory:diamond_zweihander":19,"graveyard:white_bone_staff":1,"minecraft:wooden_sword":4,"born_in_chaos_v1:rotten_fish":2,"minecraft:smithing_table":1,"minecraft:andesite":1,"minecraft:birch_log":6,"cgm:mini_gun":1306,"dixtas_armory:diamond_longsword":255,"undead_revamp2:blacpetalblock":1,"minecraft:cooked_salmon":1,"minecraft:cooked_chicken":4,"minecraft:netherrack":146,"minecraft:torch":12,"minecraft:dirt":37,"minecraft:spruce_stairs":1,"minecraft:granite":1,"minecraft:birch_door":1,"born_in_chaos_v1:supreme_measure":198,"minecraft:wooden_axe":20,"minecraft:iron_axe":68,"minecraft:oak_stairs":3,"graveyard:nightmare_spawn_egg":3,"minecraft:iron_boots":1,"minecraft:beef":1,"biomesoplenty:rose_quartz_block":3,"graveyard:lich_spawn_egg":1,"minecraft:cooked_beef":18,"minecraft:cobbled_deepslate":26,"minecraft:enchanted_golden_apple":1,"minecraft:cooked_mutton":11,"minecraft:water_bucket":34,"minecraft:iron_ore":1,"minecraft:birch_planks":362,"minecraft:mossy_cobblestone":1,"minecraft:oak_slab":6,"minecraft:crafting_table":21,"minecraft:white_bed":8,"minecraft:light_gray_concrete_powder":1,"minecraft:black_wool":1,"minecraft:diamond_pickaxe":1042,"minecraft:wooden_hoe":28,"minecraft:apple":5,"minecraft:iron_pickaxe":129,"minecraft:stone_axe":142,"minecraft:green_carpet":2,"minecraft:cobblestone":234,"minecraft:cooked_porkchop":33,"minecraft:bucket":37,"minecraft:yellow_bed":2,"born_in_chaos_v1:missioner_spawn_egg":1,"minecraft:dandelion":1},"minecraft:killed_by":{"arphex:sun_scorpion":1,"minecraft:zombified_piglin":1,"undead_revamp2:the_moonflower":1,"minecraft:wither_skeleton":1,"born_in_chaos_v1:nightmare_stalker":3,"minecraft:creeper":1,"undead_revamp2:clogger":1,"bwrtherain:vapor":2,"man:managgresive":3,"minecraft:piglin":1,"minecraft:zombie":2,"graveyard:lich":1,"born_in_chaos_v1:scarlet_persecutor":2,"minecraft:player":7,"minecraft:spider":2,"apollyon:the_infector":1,"born_in_chaos_v1:fallen_chaos_knight":3,"undead_revamp2:thespitter":1,"born_in_chaos_v1:decaying_zombie":1,"apollyon:the_damned":1,"minecraft:skeleton":3,"antlers:wendigo":18,"arphex:centipede_stalker":1},"minecraft:mined":{"minecraft:white_bed":5,"minecraft:spruce_planks":1,"minecraft:blackstone_stairs":4,"biomesoplenty:brimstone":2,"cctvcraft:aluminum_ore":3,"minecraft:granite":4,"minecraft:grass_block":9,"biomesoplenty:rose_quartz_block":6,"minecraft:spawner":3,"minecraft:smooth_stone":5,"minecraft:tall_seagrass":1,"minecraft:mossy_cobblestone_slab":1,"minecraft:iron_ore":67,"minecraft:fire":4,"minecraft:cobbled_deepslate":11,"biomesoplenty:lavender":1,"minecraft:black_carpet":1,"minecraft:deepslate_lapis_ore":20,"minecraft:pointed_dripstone":5,"minecraft:polished_deepslate_slab":1,"minecraft:oak_stairs":2,"minecraft:spruce_slab":2,"minecraft:blackstone":5,"minecraft:kelp_plant":2,"minecraft:note_block":1,"minecraft:calcite":2,"minecraft:chest":2,"minecraft:dead_bush":1,"minecraft:nether_quartz_ore":4,"minecraft:cobblestone":49,"minecraft:oak_planks":1,"minecraft:amethyst_block":6,"minecraft:seagrass":3,"minecraft:chain":2,"minecraft:nether_wart_block":2,"minecraft:birch_log":110,"minecraft:wheat":1,"minecraft:grass":45,"biomesoplenty:clover":1,"minecraft:oak_log":57,"minecraft:sand":1,"minecraft:dirt":39,"minecraft:ancient_debris":2,"minecraft:netherrack":434,"minecraft:deepslate":101,"minecraft:oak_leaves":5,"minecraft:nether_gold_ore":80,"minecraft:crying_obsidian":3,"minecraft:tuff":34,"minecraft:mossy_cobblestone":3,"minecraft:deepslate_diamond_ore":38,"enchantinginfuser:enchanting_infuser":1,"born_in_chaos_v1:infected_diamond_ore":9,"minecraft:glow_lichen":1,"minecraft:nether_bricks":10,"cgm:workbench":1,"minecraft:hay_block":60,"minecraft:furnace":9,"minecraft:polished_basalt":1,"minecraft:andesite":6,"minecraft:nether_brick_fence":2,"minecraft:polished_deepslate":2,"minecraft:bookshelf":40,"biomesoplenty:high_grass":1,"minecraft:deepslate_iron_ore":17,"minecraft:cobblestone_slab":1,"minecraft:stone":232,"biomesoplenty:rose_quartz_cluster":1,"minecraft:gray_concrete":15,"minecraft:lily_of_the_valley":7,"minecraft:basalt":1,"minecraft:oak_fence":1,"minecraft:crafting_table":14,"minecraft:light_gray_concrete_powder":1,"minecraft:emerald_ore":6,"minecraft:copper_ore":20,"minecraft:tall_grass":3,"endofherobrine:glowing_obsidian":2,"minecraft:deepslate_gold_ore":3,"biomesoplenty:huge_clover_petal":5,"minecraft:diorite":28,"minecraft:spruce_stairs":1,"minecraft:birch_planks":118,"minecraft:redstone_torch":2,"minecraft:spruce_log":1,"minecraft:birch_leaves":37,"minecraft:coal_ore":51,"minecraft:dark_oak_button":1,"minecraft:gravel":4,"minecraft:dripstone_block":4,"minecraft:cobweb":4,"minecraft:polished_andesite":1,"minecraft:fern":4},"minecraft:crafted":{"minecraft:oak_planks":28,"minecraft:cooked_chicken":3,"born_in_chaos_v1:spiny_shell_armor_chestplate":3,"dixtas_armory:diamond_battle_axe":1,"minecraft:cooked_mutton":11,"minecraft:glass":64,"dixtas_armory:diamond_longsword":1,"minecraft:iron_boots":2,"minecraft:chest":5,"minecraft:birch_door":6,"sophisticatedbackpacks:backpack":1,"minecraft:cooked_porkchop":17,"minecraft:crafting_table":7,"minecraft:wooden_pickaxe":3,"minecraft:iron_helmet":1,"minecraft:smithing_table":1,"minecraft:copper_ingot":130,"minecraft:birch_planks":472,"minecraft:iron_chestplate":1,"minecraft:wooden_hoe":2,"minecraft:diamond_pickaxe":1,"minecraft:shield":2,"minecraft:stick":76,"minecraft:iron_ingot":118,"minecraft:iron_pickaxe":1,"minecraft:gold_ingot":71,"minecraft:wooden_sword":1,"dixtas_armory:pole":1,"minecraft:furnace":4,"minecraft:bone_meal":33,"cctvcraft:aluminum_ingot":7,"born_in_chaos_v1:spiny_shell_armor_helmet":3,"minecraft:diamond":19,"minecraft:iron_axe":1,"minecraft:ladder":15,"minecraft:stone_pickaxe":1,"minecraft:cooked_beef":18,"minecraft:wheat":531,"sophisticatedbackpacks:iron_backpack":1,"sophisticatedbackpacks:gold_backpack":1,"minecraft:stone_axe":2,"minecraft:bread":179,"minecraft:air":0,"minecraft:white_dye":7,"minecraft:wooden_axe":1,"minecraft:iron_leggings":3,"minecraft:white_bed":2,"minecraft:torch":12},"minecraft:custom":{"minecraft:interact_with_crafting_table":79,"minecraft:open_barrel":39,"minecraft:bell_ring":14,"minecraft:leave_game":13,"minecraft:time_since_death":7256,"minecraft:damage_resisted":129,"minecraft:sprint_one_cm":1520371,"minecraft:damage_blocked_by_shield":5802,"minecraft:drop":357,"minecraft:play_noteblock":1,"minecraft:talked_to_villager":2,"minecraft:play_time":582552,"minecraft:deaths":88,"minecraft:jump":9006,"minecraft:interact_with_brewingstand":1,"minecraft:walk_on_water_one_cm":71833,"minecraft:enchant_item":13,"minecraft:interact_with_furnace":130,"minecraft:sleep_in_bed":13,"minecraft:damage_dealt":110581,"minecraft:player_kills":17,"minecraft:crouch_one_cm":66748,"minecraft:interact_with_smithing_table":1,"minecraft:mob_kills":386,"minecraft:damage_dealt_resisted":195022,"minecraft:climb_one_cm":11478,"minecraft:walk_one_cm":846801,"minecraft:damage_dealt_absorbed":2,"minecraft:raid_win":1,"minecraft:sneak_time":33066,"minecraft:walk_under_water_one_cm":60443,"minecraft:interact_with_lectern":1,"minecraft:boat_one_cm":38,"minecraft:total_world_time":582552,"minecraft:tune_noteblock":2,"minecraft:raid_trigger":1,"minecraft:time_since_rest":7286,"minecraft:damage_absorbed":200,"minecraft:damage_taken":17714034,"minecraft:swim_one_cm":179900,"minecraft:fly_one_cm":2404721,"minecraft:open_chest":77,"minecraft:fall_one_cm":290618},"minecraft:dropped":{"minecraft:spruce_sign":4,"minecraft:moss_block":2,"minecraft:birch_planks":13,"cctvcraft:raw_aluminum":4,"minecraft:lapis_lazuli":120,"minecraft:cooked_beef":4,"minecraft:diamond":36,"minecraft:crafting_table":1,"arphex:abyssal_dagger":1,"minecraft:crossbow":1,"minecraft:leather":13,"biomesoplenty:rose_quartz_chunk":2,"born_in_chaos_v1:pieceofdarkmetal":22,"born_in_chaos_v1:pileof_dark_metal":1,"graveyard:corruption":1,"minecraft:emerald":7,"born_in_chaos_v1:monster_flesh":6,"minecraft:dirt":23,"minecraft:gray_concrete":3,"born_in_chaos_v1:spiny_shell_armor_chestplate":3,"minecraft:deepslate_gold_ore":4,"biomesoplenty:rose_quartz_block":6,"born_in_chaos_v1:monster_skin":2,"minecraft:mutton":2,"minecraft:chain":1,"minecraft:gold_nugget":1,"minecraft:writable_book":1,"minecraft:bone_meal":45,"minecraft:iron_pickaxe":1,"undead_revamp2:blacpetalblock":1,"minecraft:birch_log":7,"minecraft:white_wool":2,"minecraft:gold_ingot":43,"minecraft:bone":21,"minecraft:gravel":4,"minecraft:stone_axe":3,"minecraft:cooked_chicken":1,"minecraft:cobbled_deepslate":7,"minecraft:black_carpet":1,"undead_revamp2:arapholia":3,"minecraft:wheat":3,"minecraft:obsidian":5,"minecraft:pointed_dripstone":9,"born_in_chaos_v1:ethereal_spirit":16,"minecraft:rotten_flesh":70,"born_in_chaos_v1:smoked_flesh":5,"minecraft:nether_brick_fence":1,"minecraft:white_bed":1,"born_in_chaos_v1:spiny_shell_armor_helmet":2,"cgm:workbench":1,"born_in_chaos_v1:seedof_chaos":6,"minecraft:mangrove_log":1,"minecraft:gunpowder":13,"cgm:basic_bullet":326,"minecraft:jungle_log":2,"born_in_chaos_v1:corpse_maggot":30,"minecraft:leather_boots":1,"born_in_chaos_v1:diamond_termite_shard":5,"minecraft:azalea":3,"minecraft:ladder":9,"minecraft:white_dye":7,"minecraft:arrow":13,"minecraft:beef":5,"minecraft:crying_obsidian":1,"minecraft:netherrack":236,"born_in_chaos_v1:dark_rod":1,"minecraft:water_bucket":1,"minecraft:iron_ingot":68,"graveyard:white_bone_staff":1,"born_in_chaos_v1:intoxicating_decoction":2,"born_in_chaos_v1:shattered_skull":3,"minecraft:wheat_seeds":8,"minecraft:deepslate_iron_ore":2,"minecraft:dripstone_block":18,"minecraft:diamond_leggings":1,"minecraft:iron_helmet":1,"minecraft:feather":3,"minecraft:oak_fence":1,"born_in_chaos_v1:holiday_candy":2,"cgm:mini_gun":2,"minecraft:cobblestone":1,"minecraft:book":146,"enchantinginfuser:enchanting_infuser":1,"minecraft:amethyst_block":6,"minecraft:granite":6,"minecraft:copper_ingot":15,"born_in_chaos_v1:soul_cutlass":1,"minecraft:acacia_log":2,"dixtas_armory:diamond_halberd":1,"minecraft:coal":16,"minecraft:stick":13,"arphex:ethereal_staff":2,"cctvcraft:aluminum_ingot":7,"born_in_chaos_v1:pumpkin_staff":1,"born_in_chaos_v1:gnawed_bones":2,"minecraft:gray_wool":2,"minecraft:diorite":4,"minecraft:wooden_hoe":4,"biomesoplenty:brimstone":2,"minecraft:nether_wart_block":2,"minecraft:wooden_axe":3,"born_in_chaos_v1:fused_bone":6,"born_in_chaos_v1:stimulating_decoction":2,"minecraft:green_carpet":3,"minecraft:iron_leggings":2,"born_in_chaos_v1:lifestealer_bone":3,"minecraft:oak_stairs":6,"minecraft:wither_rose":5,"minecraft:white_banner":1,"minecraft:polished_basalt":17,"born_in_chaos_v1:infected_diamond_ore":2,"minecraft:cactus":1,"minecraft:string":28,"born_in_chaos_v1:nightmare_mantleofthe_night_boots":1,"minecraft:bucket":1,"undead_revamp2:f_iresack":1,"minecraft:polished_deepslate":10,"minecraft:polished_diorite":3,"minecraft:furnace":1,"minecraft:raw_copper":65,"minecraft:bowl":1,"minecraft:deepslate":62,"minecraft:tuff":30,"minecraft:raw_iron":12,"born_in_chaos_v1:rotten_fish":2,"minecraft:chicken":2,"minecraft:iron_boots":1,"sophisticatedbackpacks:backpack":1,"minecraft:nether_bricks":6,"minecraft:oak_sign":4,"minecraft:pumpkin_seeds":24,"dixtas_armory:diamond_battle_axe":1,"minecraft:potato":1,"minecraft:hay_block":1,"undead_revamp2:bostroxset_chestplate":1,"minecraft:iron_chestplate":2,"minecraft:diamond_pickaxe":2,"minecraft:andesite":6,"born_in_chaos_v1:spiny_shell":36,"minecraft:oak_sapling":1,"minecraft:spider_eye":4,"minecraft:spruce_log":3,"minecraft:slime_ball":4,"minecraft:bow":1,"chiselsandbits:chiseled_block":3,"minecraft:stone_pickaxe":2,"minecraft:wooden_pickaxe":2,"minecraft:raw_gold":10,"born_in_chaos_v1:supreme_measure":2,"minecraft:calcite":2,"dixtas_armory:diamond_pike":1,"biomesoplenty:fir_log":64},"minecraft:picked_up":{"minecraft:wooden_axe":6,"minecraft:iron_chestplate":1,"minecraft:black_carpet":1,"minecraft:wheat":5,"cgm:basic_bullet":816,"minecraft:nether_brick_fence":1,"minecraft:oak_stairs":9,"minecraft:wither_rose":7,"minecraft:golden_sword":2,"minecraft:amethyst_block":6,"born_in_chaos_v1:holiday_candy":19,"minecraft:string":22,"minecraft:polished_deepslate":12,"minecraft:raw_copper":65,"minecraft:cooked_salmon":1,"minecraft:deepslate_lapis_ore":8,"minecraft:netherite_ingot":4,"minecraft:oak_sign":8,"minecraft:beetroot":1,"biomesoplenty:brimstone":2,"minecraft:gold_nugget":647,"minecraft:smooth_stone":5,"minecraft:cobbled_deepslate":69,"minecraft:bucket":1,"minecraft:redstone_torch":2,"minecraft:calcite":3,"minecraft:azalea":3,"born_in_chaos_v1:stimulating_decoction":2,"minecraft:mangrove_log":1,"minecraft:deepslate_iron_ore":2,"cgm:advanced_bullet":96,"minecraft:iron_boots":1,"minecraft:furnace":9,"biomesoplenty:rose_quartz_block":9,"minecraft:stick":14,"born_in_chaos_v1:shattered_skull":3,"minecraft:oak_fence":1,"minecraft:acacia_log":2,"minecraft:spruce_stairs":1,"minecraft:porkchop":17,"born_in_chaos_v1:pileof_dark_metal":1,"minecraft:pointed_dripstone":13,"minecraft:diorite":30,"born_in_chaos_v1:nightmare_claw":2,"chiselsandbits:chisel_iron":1,"minecraft:cactus":1,"minecraft:rotten_flesh":104,"biomesoplenty:rose_quartz_chunk":2,"minecraft:tropical_fish":1,"minecraft:polished_basalt":17,"born_in_chaos_v1:infected_diamond_ore":1,"minecraft:blaze_rod":2,"minecraft:blackstone_stairs":4,"undead_revamp2:arapholia":4,"minecraft:cobblestone":308,"biomesoplenty:lavender":1,"minecraft:birch_log":147,"born_in_chaos_v1:spiny_shell_armor_helmet":1,"minecraft:feather":3,"minecraft:cooked_beef":4,"born_in_chaos_v1:spiritual_dust":3,"minecraft:jungle_log":2,"minecraft:andesite":7,"biomesoplenty:fir_log":64,"minecraft:potato":1,"minecraft:tuff":34,"minecraft:gray_concrete":21,"minecraft:lapis_lazuli":138,"minecraft:dirt":79,"minecraft:light_gray_concrete_powder":1,"born_in_chaos_v1:monster_skin":2,"minecraft:leather_boots":1,"minecraft:bone":47,"chiselsandbits:chiseled_block":6,"undead_revamp2:blacpetalblock":3,"minecraft:bow":1,"minecraft:wheat_seeds":9,"minecraft:raw_gold":10,"minecraft:moss_block":2,"minecraft:oak_planks":2,"minecraft:sand":1,"minecraft:stripped_spruce_log":1,"graveyard:white_bone_staff":2,"minecraft:fermented_spider_eye":1,"minecraft:lily_of_the_valley":7,"minecraft:mossy_cobblestone":1,"undead_revamp2:heavytooth":2,"born_in_chaos_v1:supreme_measure":2,"born_in_chaos_v1:fire_dust":4,"minecraft:deepslate":62,"minecraft:diamond":36,"minecraft:writable_book":1,"minecraft:deepslate_gold_ore":4,"enchantinginfuser:enchanting_infuser":1,"minecraft:crossbow":2,"minecraft:granite":8,"minecraft:bone_meal":13,"minecraft:spruce_sign":4,"minecraft:emerald":11,"born_in_chaos_v1:rotten_fish":6,"minecraft:oak_sapling":1,"minecraft:netherrack":516,"arphex:locust_larvae":1,"minecraft:diamond_pickaxe":2,"born_in_chaos_v1:diamond_termite_shard":14,"minecraft:crafting_table":18,"minecraft:chicken":5,"minecraft:ladder":9,"born_in_chaos_v1:seedof_chaos":10,"minecraft:wooden_pickaxe":3,"minecraft:chain":1,"minecraft:red_bed":1,"minecraft:wooden_sword":1,"born_in_chaos_v1:intoxicating_decoction":2,"graveyard:corruption":1,"minecraft:deepslate_diamond_ore":20,"cgm:mini_gun":2,"minecraft:beef":36,"born_in_chaos_v1:gnawed_bones":2,"minecraft:poppy":1,"minecraft:spruce_slab":2,"minecraft:sugar_cane":2,"minecraft:chest":2,"minecraft:raw_iron":119,"minecraft:polished_deepslate_slab":1,"minecraft:copper_ingot":1,"minecraft:bowl":1,"arphex:ethereal_staff":1,"minecraft:note_block":1,"sophisticatedbackpacks:backpack":1,"born_in_chaos_v1:pieceofdarkmetal":22,"minecraft:arrow":13,"minecraft:nether_bricks":14,"minecraft:hay_block":60,"born_in_chaos_v1:spiny_shell":13,"minecraft:saddle":1,"minecraft:gold_ingot":30,"minecraft:mutton":13,"minecraft:white_wool":12,"born_in_chaos_v1:fused_bone":8,"born_in_chaos_v1:corpse_maggot":30,"born_in_chaos_v1:nightmare_mantleofthe_night_boots":1,"born_in_chaos_v1:monster_flesh":7,"born_in_chaos_v1:pumpkin_staff":1,"minecraft:leather":23,"minecraft:birch_planks":218,"minecraft:yellow_bed":2,"minecraft:oak_log":58,"minecraft:ancient_debris":2,"minecraft:nether_wart_block":2,"minecraft:gunpowder":29,"minecraft:wooden_hoe":2,"minecraft:white_banner":1,"born_in_chaos_v1:soul_cutlass":2,"arphex:burning_glands":1,"minecraft:iron_ingot":42,"born_in_chaos_v1:smoked_flesh":6,"minecraft:stone_pickaxe":1,"minecraft:cooked_chicken":2,"minecraft:iron_ore":1,"cctvcraft:raw_aluminum":6,"minecraft:book":146,"minecraft:oak_slab":6,"minecraft:dark_oak_slab":1,"born_in_chaos_v1:death_totem":1,"born_in_chaos_v1:lifestealer_bone":3,"born_in_chaos_v1:ethereal_spirit":18,"born_in_chaos_v1:orbofthe_summoner":2,"minecraft:quartz":8,"minecraft:dandelion":1,"minecraft:dripstone_block":18,"minecraft:gravel":8,"born_in_chaos_v1:dark_rod":1,"minecraft:white_bed":9,"minecraft:spruce_log":3,"minecraft:crying_obsidian":1,"minecraft:spider_eye":4,"cctvcraft:aluminum_ingot":3,"minecraft:green_carpet":5,"minecraft:pumpkin_seeds":24,"minecraft:slime_ball":4,"minecraft:stone_axe":1,"minecraft:polished_diorite":3,"minecraft:gray_wool":2,"born_in_chaos_v1:spiny_shell_armor_chestplate":1,"minecraft:black_wool":1,"minecraft:coal":92,"cgm:workbench":1,"minecraft:ender_pearl":15},"minecraft:killed":{"born_in_chaos_v1:zombie_clown":1,"minecraft:cave_spider":1,"born_in_chaos_v1:skeleton_demoman":2,"minecraft:zombified_piglin":13,"graveyard:skeleton_creeper":3,"born_in_chaos_v1:zombie_lumberjack":1,"born_in_chaos_v1:sir_pumpkinhead_without_horse":1,"born_in_chaos_v1:sir_the_headless":1,"born_in_chaos_v1:pumpkin_spirit":1,"minecraft:spider":8,"undead_revamp2:thesmoker":1,"born_in_chaos_v1:siamese_skeletonsright":2,"undead_revamp2:theswarmer":2,"born_in_chaos_v1:scarlet_persecutor":2,"minecraft:skeleton":9,"the_knocker:knocker":2,"minecraft:chicken":6,"arphex:spider_lurker":1,"born_in_chaos_v1:skeleton_thrasher":1,"undead_revamp2:therod":1,"undead_revamp2:thepregnant":1,"antlers:wendigo":17,"born_in_chaos_v1:supreme_bonescaller_stage_2":2,"born_in_chaos_v1:sir_pumpkinhead":1,"undead_revamp2:thespitter":1,"minecraft:piglin":8,"arphex:spider_larvae_tiny":1,"minecraft:pig":6,"born_in_chaos_v1:diamond_termite":14,"minecraft:zombie_villager":1,"man:managgresive":4,"undead_revamp2:theheavy":1,"bwrtherain:spider_skull":1,"minecraft:creeper":6,"arphex:centipede_evictor_larvae":1,"minecraft:sheep":11,"minecraft:pillager":6,"antlers:wendigomad":2,"minecraft:zombie":23,"born_in_chaos_v1:dread_hound":2,"born_in_chaos_v1:corpse_fly":13,"minecraft:ghast":2,"born_in_chaos_v1:door_knight":2,"apollyon:the_damned":8,"born_in_chaos_v1:siamese_skeletonsleft":3,"minecraft:blaze":2,"minecraft:cow":17,"minecraft:vindicator":1,"arphex:locust_landscourge":1,"born_in_chaos_v1:thornshell_crab":2,"born_in_chaos_v1:zombie_bruiser":1,"born_in_chaos_v1:firelight":3,"born_in_chaos_v1:maggot":5,"born_in_chaos_v1:pumpkinhead":1,"arphex:blood_worm":1,"arphex:long_legs_fly":1,"born_in_chaos_v1:corpse_fish":3,"undead_revamp2:thehorrors":1,"born_in_chaos_v1:mr_pumpkin_controlled":2,"born_in_chaos_v1:siamese_skeletons":1,"born_in_chaos_v1:barrel_zombie":1,"born_in_chaos_v1:fallen_chaos_knight":1,"minecraft:husk":1,"born_in_chaos_v1:felsteed":1,"born_in_chaos_v1:bone_imp_minion":2,"endofherobrine:villager":1,"born_in_chaos_v1:baby_skeleton":1,"undead_revamp2:the_moonflower":14,"minecraft:ravager":1,"born_in_chaos_v1:decrepit_skeleton":5,"born_in_chaos_v1:bloody_gadfly":1,"undead_revamp2:thesomnolence":1,"born_in_chaos_v1:dark_vortex":1,"born_in_chaos_v1:nightmare_stalker":2,"endofherobrine:sheep":13,"minecraft:wither_skeleton":7,"minecraft:villager":1}},"DataVersion":3465}