{"stats":{"minecraft:killed_by":{"apollyon:the_damned":1,"bwrtherain:vapor":1,"antlers:wendigo":3},"minecraft:custom":{"minecraft:time_since_rest":1974,"minecraft:sprint_one_cm":48169,"minecraft:damage_taken":10001655,"minecraft:walk_one_cm":12095,"minecraft:mob_kills":2,"minecraft:damage_dealt":513,"minecraft:interact_with_crafting_table":2,"minecraft:swim_one_cm":3618,"minecraft:fly_one_cm":61856,"minecraft:crouch_one_cm":453,"minecraft:play_time":13974,"minecraft:deaths":5,"minecraft:sneak_time":115,"minecraft:walk_under_water_one_cm":346,"minecraft:damage_dealt_resisted":3,"minecraft:jump":236,"minecraft:leave_game":1,"minecraft:time_since_death":1915,"minecraft:walk_on_water_one_cm":2144,"minecraft:total_world_time":13974,"minecraft:fall_one_cm":8431},"minecraft:mined":{"minecraft:birch_log":5,"minecraft:crafting_table":1,"minecraft:grass_block":3,"minecraft:dirt":3},"minecraft:crafted":{"minecraft:crafting_table":1,"minecraft:stick":4,"minecraft:wooden_pickaxe":1,"minecraft:wooden_axe":1,"minecraft:birch_planks":96},"minecraft:picked_up":{"minecraft:wooden_axe":5,"minecraft:birch_log":40,"minecraft:stick":10,"minecraft:crafting_table":4,"minecraft:wooden_pickaxe":3,"minecraft:birch_planks":44,"minecraft:dirt":27,"minecraft:wooden_sword":1,"minecraft:arrow":3,"minecraft:bone":2,"minecraft:rotten_flesh":1,"minecraft:bow":1,"minecraft:cobblestone":4},"minecraft:used":{"minecraft:wooden_axe":20,"minecraft:rotten_flesh":1,"minecraft:dirt":12,"minecraft:crafting_table":1},"minecraft:killed":{"minecraft:skeleton":1}},"DataVersion":3465}