{"stats":{"minecraft:broken":{"minecraft:iron_boots":1,"minecraft:iron_chestplate":1,"born_in_chaos_v1:spiny_shell_armor_helmet":1,"minecraft:shield":1,"minecraft:iron_helmet":1},"minecraft:custom":{"minecraft:interact_with_crafting_table":74,"minecraft:open_barrel":39,"minecraft:bell_ring":14,"minecraft:leave_game":12,"minecraft:time_since_death":406,"minecraft:damage_resisted":129,"minecraft:sprint_one_cm":1340899,"minecraft:damage_blocked_by_shield":5172,"minecraft:drop":307,"minecraft:play_noteblock":1,"minecraft:talked_to_villager":1,"minecraft:play_time":500259,"minecraft:deaths":76,"minecraft:jump":7780,"minecraft:interact_with_brewingstand":1,"minecraft:walk_on_water_one_cm":67481,"minecraft:enchant_item":13,"minecraft:interact_with_furnace":109,"minecraft:sleep_in_bed":10,"minecraft:damage_dealt":61982,"minecraft:player_kills":9,"minecraft:crouch_one_cm":60778,"minecraft:interact_with_smithing_table":1,"minecraft:mob_kills":279,"minecraft:damage_dealt_resisted":181571,"minecraft:climb_one_cm":11310,"minecraft:walk_one_cm":736406,"minecraft:damage_dealt_absorbed":2,"minecraft:sneak_time":30164,"minecraft:walk_under_water_one_cm":60286,"minecraft:interact_with_lectern":1,"minecraft:boat_one_cm":38,"minecraft:total_world_time":500259,"minecraft:tune_noteblock":2,"minecraft:time_since_rest":434,"minecraft:damage_taken":17710321,"minecraft:damage_absorbed":200,"minecraft:swim_one_cm":179296,"minecraft:fly_one_cm":2117881,"minecraft:open_chest":67,"minecraft:fall_one_cm":257106},"minecraft:killed_by":{"arphex:sun_scorpion":1,"undead_revamp2:the_moonflower":1,"born_in_chaos_v1:nightmare_stalker":3,"minecraft:wither_skeleton":1,"minecraft:creeper":1,"undead_revamp2:clogger":1,"bwrtherain:vapor":2,"man:managgresive":1,"minecraft:zombie":2,"graveyard:lich":1,"born_in_chaos_v1:scarlet_persecutor":2,"minecraft:player":6,"minecraft:spider":2,"apollyon:the_infector":1,"born_in_chaos_v1:fallen_chaos_knight":3,"undead_revamp2:thespitter":1,"born_in_chaos_v1:decaying_zombie":1,"apollyon:the_damned":1,"minecraft:skeleton":3,"antlers:wendigo":16,"arphex:centipede_stalker":1},"minecraft:mined":{"minecraft:white_bed":5,"minecraft:blackstone_stairs":4,"biomesoplenty:brimstone":2,"cctvcraft:aluminum_ore":3,"minecraft:granite":4,"minecraft:grass_block":7,"biomesoplenty:rose_quartz_block":6,"minecraft:spawner":3,"minecraft:smooth_stone":5,"minecraft:tall_seagrass":1,"minecraft:mossy_cobblestone_slab":1,"minecraft:iron_ore":66,"minecraft:fire":4,"minecraft:cobbled_deepslate":11,"biomesoplenty:lavender":1,"minecraft:black_carpet":1,"minecraft:deepslate_lapis_ore":20,"minecraft:pointed_dripstone":5,"minecraft:polished_deepslate_slab":1,"minecraft:oak_stairs":2,"minecraft:spruce_slab":2,"minecraft:blackstone":5,"minecraft:kelp_plant":2,"minecraft:note_block":1,"minecraft:calcite":2,"minecraft:chest":2,"minecraft:dead_bush":1,"minecraft:nether_quartz_ore":4,"minecraft:cobblestone":49,"minecraft:oak_planks":1,"minecraft:amethyst_block":6,"minecraft:seagrass":3,"minecraft:chain":2,"minecraft:nether_wart_block":2,"minecraft:birch_log":110,"minecraft:wheat":1,"minecraft:grass":27,"biomesoplenty:clover":1,"minecraft:oak_log":57,"minecraft:sand":1,"minecraft:dirt":37,"minecraft:ancient_debris":2,"minecraft:netherrack":170,"minecraft:deepslate":101,"minecraft:oak_leaves":5,"minecraft:nether_gold_ore":51,"minecraft:crying_obsidian":3,"minecraft:tuff":34,"minecraft:mossy_cobblestone":3,"minecraft:deepslate_diamond_ore":38,"enchantinginfuser:enchanting_infuser":1,"born_in_chaos_v1:infected_diamond_ore":9,"minecraft:glow_lichen":1,"minecraft:nether_bricks":10,"cgm:workbench":1,"minecraft:hay_block":60,"minecraft:furnace":9,"minecraft:polished_basalt":1,"minecraft:andesite":5,"minecraft:nether_brick_fence":2,"minecraft:polished_deepslate":2,"minecraft:bookshelf":40,"minecraft:cobblestone_slab":1,"biomesoplenty:high_grass":1,"minecraft:deepslate_iron_ore":17,"minecraft:stone":217,"biomesoplenty:rose_quartz_cluster":1,"minecraft:gray_concrete":15,"minecraft:lily_of_the_valley":7,"minecraft:basalt":1,"minecraft:oak_fence":1,"minecraft:crafting_table":14,"minecraft:light_gray_concrete_powder":1,"minecraft:emerald_ore":2,"minecraft:copper_ore":20,"minecraft:tall_grass":3,"endofherobrine:glowing_obsidian":2,"minecraft:deepslate_gold_ore":3,"biomesoplenty:huge_clover_petal":5,"minecraft:diorite":28,"minecraft:spruce_stairs":1,"minecraft:birch_planks":118,"minecraft:redstone_torch":2,"minecraft:birch_leaves":37,"minecraft:coal_ore":51,"minecraft:dark_oak_button":1,"minecraft:gravel":4,"minecraft:dripstone_block":4,"minecraft:cobweb":4,"minecraft:polished_andesite":1,"minecraft:fern":3},"minecraft:used":{"minecraft:polished_deepslate":2,"chiselsandbits:chiseled_block":3,"minecraft:spruce_slab":2,"minecraft:ladder":15,"minecraft:chest":6,"minecraft:shield":110,"minecraft:rotten_flesh":5,"minecraft:iron_chestplate":2,"minecraft:nether_bricks":8,"minecraft:obsidian":3,"minecraft:tuff":4,"minecraft:stripped_spruce_log":1,"born_in_chaos_v1:smoked_flesh":6,"minecraft:lava_bucket":2,"minecraft:dark_oak_slab":1,"born_in_chaos_v1:dark_vortex_spawn_egg":1,"minecraft:golden_sword":2,"minecraft:deepslate_diamond_ore":20,"minecraft:furnace":10,"minecraft:diorite":25,"minecraft:oak_planks":1,"minecraft:stone_pickaxe":123,"minecraft:blackstone_stairs":4,"minecraft:ender_pearl":7,"minecraft:wooden_pickaxe":10,"biomesoplenty:lavender":1,"minecraft:diamond_axe":803,"born_in_chaos_v1:infected_diamond_ore":11,"minecraft:golden_apple":1,"arphex:abyssal_pickaxe":116,"born_in_chaos_v1:holiday_candy":1,"minecraft:note_block":1,"dixtas_armory:diamond_halberd":9,"minecraft:gray_concrete":11,"minecraft:deepslate_lapis_ore":8,"minecraft:redstone_torch":1,"born_in_chaos_v1:skeleton_thrasher_spawn_egg":1,"minecraft:bread":35,"cgm:assault_rifle":7,"graveyard:white_bone_staff":1,"minecraft:wooden_sword":4,"born_in_chaos_v1:rotten_fish":2,"minecraft:andesite":1,"minecraft:birch_log":6,"dixtas_armory:diamond_longsword":214,"cgm:mini_gun":558,"undead_revamp2:blacpetalblock":1,"minecraft:cooked_salmon":1,"minecraft:cooked_chicken":3,"minecraft:netherrack":128,"minecraft:torch":12,"minecraft:dirt":35,"minecraft:spruce_stairs":1,"minecraft:granite":1,"minecraft:birch_door":1,"born_in_chaos_v1:supreme_measure":133,"minecraft:wooden_axe":20,"minecraft:iron_axe":68,"minecraft:oak_stairs":3,"graveyard:nightmare_spawn_egg":3,"minecraft:iron_boots":1,"minecraft:beef":1,"biomesoplenty:rose_quartz_block":3,"graveyard:lich_spawn_egg":1,"minecraft:cooked_beef":18,"minecraft:cobbled_deepslate":26,"minecraft:enchanted_golden_apple":1,"minecraft:cooked_mutton":11,"minecraft:water_bucket":26,"minecraft:iron_ore":1,"minecraft:birch_planks":361,"minecraft:mossy_cobblestone":1,"minecraft:oak_slab":3,"minecraft:crafting_table":21,"minecraft:white_bed":8,"minecraft:light_gray_concrete_powder":1,"minecraft:wooden_hoe":28,"minecraft:black_wool":1,"minecraft:diamond_pickaxe":724,"minecraft:apple":5,"minecraft:iron_pickaxe":129,"minecraft:stone_axe":142,"minecraft:green_carpet":2,"minecraft:cobblestone":234,"minecraft:cooked_porkchop":33,"minecraft:bucket":29,"born_in_chaos_v1:missioner_spawn_egg":1},"minecraft:crafted":{"minecraft:oak_planks":28,"minecraft:cooked_chicken":3,"born_in_chaos_v1:spiny_shell_armor_chestplate":2,"dixtas_armory:diamond_battle_axe":1,"minecraft:cooked_mutton":11,"dixtas_armory:diamond_longsword":1,"minecraft:iron_boots":2,"minecraft:chest":5,"minecraft:birch_door":6,"sophisticatedbackpacks:backpack":1,"minecraft:cooked_porkchop":17,"minecraft:crafting_table":7,"minecraft:wooden_pickaxe":3,"minecraft:iron_helmet":1,"minecraft:copper_ingot":69,"minecraft:birch_planks":472,"minecraft:iron_chestplate":1,"minecraft:wooden_hoe":2,"minecraft:diamond_pickaxe":1,"minecraft:shield":2,"minecraft:stick":76,"minecraft:iron_ingot":116,"minecraft:iron_pickaxe":1,"minecraft:gold_ingot":39,"minecraft:wooden_sword":1,"dixtas_armory:pole":1,"minecraft:furnace":4,"minecraft:bone_meal":33,"cctvcraft:aluminum_ingot":7,"born_in_chaos_v1:spiny_shell_armor_helmet":2,"minecraft:diamond":19,"minecraft:iron_axe":1,"minecraft:ladder":15,"minecraft:stone_pickaxe":1,"minecraft:wheat":531,"sophisticatedbackpacks:iron_backpack":1,"minecraft:cooked_beef":18,"sophisticatedbackpacks:gold_backpack":1,"minecraft:stone_axe":2,"minecraft:air":0,"minecraft:bread":179,"minecraft:white_dye":7,"minecraft:wooden_axe":1,"minecraft:iron_leggings":3,"minecraft:white_bed":2,"minecraft:torch":12},"minecraft:killed":{"born_in_chaos_v1:zombie_clown":1,"minecraft:cave_spider":1,"minecraft:zombified_piglin":6,"graveyard:skeleton_creeper":3,"born_in_chaos_v1:sir_the_headless":1,"born_in_chaos_v1:zombie_lumberjack":1,"born_in_chaos_v1:sir_pumpkinhead_without_horse":1,"born_in_chaos_v1:pumpkin_spirit":1,"minecraft:spider":7,"born_in_chaos_v1:siamese_skeletonsright":2,"undead_revamp2:theswarmer":2,"born_in_chaos_v1:scarlet_persecutor":2,"minecraft:skeleton":7,"minecraft:chicken":5,"arphex:spider_lurker":1,"antlers:wendigo":5,"born_in_chaos_v1:supreme_bonescaller_stage_2":1,"born_in_chaos_v1:sir_pumpkinhead":1,"undead_revamp2:thespitter":1,"minecraft:piglin":4,"minecraft:pig":6,"man:managgresive":1,"born_in_chaos_v1:diamond_termite":14,"minecraft:zombie_villager":1,"undead_revamp2:theheavy":1,"bwrtherain:spider_skull":1,"minecraft:creeper":6,"minecraft:sheep":11,"antlers:wendigomad":1,"minecraft:zombie":15,"born_in_chaos_v1:dread_hound":2,"born_in_chaos_v1:corpse_fly":13,"minecraft:ghast":1,"born_in_chaos_v1:door_knight":2,"apollyon:the_damned":7,"born_in_chaos_v1:siamese_skeletonsleft":3,"minecraft:blaze":2,"minecraft:cow":17,"born_in_chaos_v1:thornshell_crab":2,"born_in_chaos_v1:zombie_bruiser":1,"born_in_chaos_v1:firelight":1,"born_in_chaos_v1:maggot":1,"born_in_chaos_v1:pumpkinhead":1,"arphex:blood_worm":1,"arphex:long_legs_fly":1,"born_in_chaos_v1:corpse_fish":3,"born_in_chaos_v1:siamese_skeletons":1,"born_in_chaos_v1:fallen_chaos_knight":1,"born_in_chaos_v1:felsteed":1,"minecraft:husk":1,"born_in_chaos_v1:bone_imp_minion":1,"undead_revamp2:the_moonflower":12,"born_in_chaos_v1:decrepit_skeleton":4,"born_in_chaos_v1:bloody_gadfly":1,"undead_revamp2:thesomnolence":1,"born_in_chaos_v1:dark_vortex":1,"born_in_chaos_v1:nightmare_stalker":2,"endofherobrine:sheep":13,"minecraft:wither_skeleton":7},"minecraft:dropped":{"minecraft:birch_planks":13,"cctvcraft:raw_aluminum":4,"minecraft:lapis_lazuli":120,"minecraft:cooked_beef":4,"minecraft:diamond":36,"minecraft:crafting_table":1,"arphex:abyssal_dagger":1,"minecraft:leather":13,"biomesoplenty:rose_quartz_chunk":2,"born_in_chaos_v1:pieceofdarkmetal":7,"born_in_chaos_v1:pileof_dark_metal":1,"minecraft:emerald":1,"graveyard:corruption":1,"born_in_chaos_v1:monster_flesh":6,"minecraft:dirt":22,"minecraft:gray_concrete":3,"born_in_chaos_v1:spiny_shell_armor_chestplate":2,"minecraft:deepslate_gold_ore":4,"biomesoplenty:rose_quartz_block":6,"born_in_chaos_v1:monster_skin":1,"minecraft:mutton":2,"minecraft:chain":1,"minecraft:gold_nugget":1,"minecraft:bone_meal":45,"minecraft:iron_pickaxe":1,"undead_revamp2:blacpetalblock":1,"minecraft:birch_log":7,"minecraft:white_wool":2,"minecraft:bone":21,"minecraft:gravel":4,"minecraft:stone_axe":3,"minecraft:cobbled_deepslate":7,"minecraft:black_carpet":1,"minecraft:wheat":3,"minecraft:obsidian":5,"undead_revamp2:arapholia":3,"minecraft:pointed_dripstone":9,"born_in_chaos_v1:ethereal_spirit":16,"minecraft:rotten_flesh":70,"born_in_chaos_v1:smoked_flesh":5,"minecraft:nether_brick_fence":1,"minecraft:white_bed":1,"born_in_chaos_v1:spiny_shell_armor_helmet":2,"born_in_chaos_v1:seedof_chaos":6,"minecraft:mangrove_log":1,"minecraft:gunpowder":13,"cgm:basic_bullet":262,"minecraft:jungle_log":2,"born_in_chaos_v1:corpse_maggot":27,"minecraft:leather_boots":1,"born_in_chaos_v1:diamond_termite_shard":5,"minecraft:azalea":1,"minecraft:ladder":4,"minecraft:white_dye":7,"minecraft:arrow":13,"minecraft:beef":5,"minecraft:crying_obsidian":1,"minecraft:netherrack":119,"born_in_chaos_v1:dark_rod":1,"minecraft:water_bucket":1,"minecraft:iron_ingot":12,"born_in_chaos_v1:intoxicating_decoction":2,"graveyard:white_bone_staff":1,"born_in_chaos_v1:shattered_skull":3,"minecraft:wheat_seeds":8,"minecraft:deepslate_iron_ore":2,"minecraft:dripstone_block":18,"minecraft:diamond_leggings":1,"minecraft:iron_helmet":1,"minecraft:oak_fence":1,"minecraft:feather":3,"cgm:mini_gun":2,"minecraft:cobblestone":1,"minecraft:book":146,"minecraft:amethyst_block":6,"minecraft:granite":6,"minecraft:copper_ingot":13,"minecraft:acacia_log":2,"dixtas_armory:diamond_halberd":1,"minecraft:coal":16,"minecraft:stick":13,"arphex:ethereal_staff":2,"cctvcraft:aluminum_ingot":7,"born_in_chaos_v1:gnawed_bones":2,"minecraft:gray_wool":2,"minecraft:diorite":4,"minecraft:wooden_hoe":4,"biomesoplenty:brimstone":2,"minecraft:wooden_axe":3,"minecraft:nether_wart_block":2,"born_in_chaos_v1:fused_bone":6,"born_in_chaos_v1:stimulating_decoction":2,"minecraft:iron_leggings":1,"minecraft:green_carpet":3,"born_in_chaos_v1:lifestealer_bone":3,"minecraft:wither_rose":5,"born_in_chaos_v1:infected_diamond_ore":2,"minecraft:cactus":1,"minecraft:string":28,"minecraft:bucket":1,"undead_revamp2:f_iresack":1,"minecraft:furnace":1,"minecraft:raw_copper":1,"minecraft:bowl":1,"minecraft:deepslate":62,"minecraft:tuff":30,"minecraft:raw_iron":12,"born_in_chaos_v1:rotten_fish":2,"minecraft:chicken":2,"minecraft:iron_boots":1,"sophisticatedbackpacks:backpack":1,"minecraft:nether_bricks":6,"minecraft:pumpkin_seeds":24,"dixtas_armory:diamond_battle_axe":1,"minecraft:hay_block":1,"undead_revamp2:bostroxset_chestplate":1,"minecraft:diamond_pickaxe":1,"minecraft:iron_chestplate":2,"minecraft:andesite":6,"born_in_chaos_v1:spiny_shell":36,"minecraft:oak_sapling":1,"minecraft:spider_eye":4,"minecraft:spruce_log":3,"chiselsandbits:chiseled_block":3,"minecraft:bow":1,"minecraft:stone_pickaxe":2,"minecraft:wooden_pickaxe":2,"minecraft:raw_gold":1,"born_in_chaos_v1:supreme_measure":1,"minecraft:calcite":2,"dixtas_armory:diamond_pike":1},"minecraft:picked_up":{"minecraft:wooden_axe":6,"minecraft:iron_chestplate":1,"minecraft:wheat":5,"minecraft:black_carpet":1,"cgm:basic_bullet":816,"minecraft:nether_brick_fence":1,"minecraft:oak_stairs":3,"minecraft:wither_rose":7,"born_in_chaos_v1:holiday_candy":19,"minecraft:golden_sword":2,"minecraft:amethyst_block":6,"minecraft:polished_deepslate":2,"minecraft:string":20,"minecraft:raw_copper":65,"minecraft:deepslate_lapis_ore":8,"minecraft:cooked_salmon":1,"biomesoplenty:brimstone":2,"minecraft:smooth_stone":5,"minecraft:gold_nugget":354,"minecraft:cobbled_deepslate":69,"minecraft:bucket":1,"minecraft:redstone_torch":2,"minecraft:calcite":3,"minecraft:azalea":1,"born_in_chaos_v1:stimulating_decoction":2,"cgm:advanced_bullet":96,"minecraft:deepslate_iron_ore":2,"minecraft:mangrove_log":1,"minecraft:iron_boots":1,"minecraft:furnace":9,"biomesoplenty:rose_quartz_block":9,"minecraft:stick":14,"born_in_chaos_v1:shattered_skull":3,"minecraft:oak_fence":1,"minecraft:acacia_log":2,"minecraft:spruce_stairs":1,"born_in_chaos_v1:pileof_dark_metal":1,"minecraft:porkchop":17,"born_in_chaos_v1:nightmare_claw":2,"minecraft:pointed_dripstone":13,"minecraft:diorite":30,"chiselsandbits:chisel_iron":1,"minecraft:cactus":1,"minecraft:rotten_flesh":89,"biomesoplenty:rose_quartz_chunk":2,"born_in_chaos_v1:infected_diamond_ore":1,"minecraft:blaze_rod":2,"minecraft:blackstone_stairs":4,"undead_revamp2:arapholia":3,"minecraft:cobblestone":291,"biomesoplenty:lavender":1,"minecraft:birch_log":147,"born_in_chaos_v1:spiny_shell_armor_helmet":1,"minecraft:feather":3,"minecraft:cooked_beef":4,"minecraft:andesite":7,"minecraft:jungle_log":2,"minecraft:tuff":34,"minecraft:gray_concrete":21,"minecraft:lapis_lazuli":138,"minecraft:dirt":76,"minecraft:light_gray_concrete_powder":1,"born_in_chaos_v1:monster_skin":2,"minecraft:leather_boots":1,"minecraft:bone":33,"chiselsandbits:chiseled_block":6,"undead_revamp2:blacpetalblock":3,"minecraft:bow":1,"minecraft:wheat_seeds":9,"minecraft:raw_gold":10,"minecraft:oak_planks":2,"minecraft:sand":1,"minecraft:stripped_spruce_log":1,"graveyard:white_bone_staff":2,"minecraft:lily_of_the_valley":7,"minecraft:mossy_cobblestone":1,"undead_revamp2:heavytooth":2,"born_in_chaos_v1:supreme_measure":1,"born_in_chaos_v1:fire_dust":1,"minecraft:diamond":36,"minecraft:deepslate":62,"minecraft:deepslate_gold_ore":4,"enchantinginfuser:enchanting_infuser":1,"minecraft:granite":8,"minecraft:bone_meal":13,"minecraft:emerald":4,"minecraft:oak_sapling":1,"born_in_chaos_v1:rotten_fish":6,"minecraft:netherrack":298,"minecraft:diamond_pickaxe":1,"born_in_chaos_v1:diamond_termite_shard":14,"minecraft:crafting_table":18,"minecraft:chicken":5,"minecraft:ladder":4,"born_in_chaos_v1:seedof_chaos":8,"minecraft:wooden_pickaxe":3,"minecraft:chain":1,"minecraft:red_bed":1,"minecraft:wooden_sword":1,"born_in_chaos_v1:intoxicating_decoction":2,"graveyard:corruption":1,"cgm:mini_gun":2,"minecraft:deepslate_diamond_ore":20,"minecraft:beef":36,"born_in_chaos_v1:gnawed_bones":2,"minecraft:poppy":1,"minecraft:spruce_slab":2,"minecraft:chest":2,"minecraft:raw_iron":115,"minecraft:polished_deepslate_slab":1,"minecraft:bowl":1,"minecraft:note_block":1,"arphex:ethereal_staff":1,"sophisticatedbackpacks:backpack":1,"born_in_chaos_v1:pieceofdarkmetal":20,"minecraft:arrow":11,"minecraft:nether_bricks":14,"minecraft:hay_block":60,"born_in_chaos_v1:spiny_shell":13,"minecraft:gold_ingot":30,"minecraft:mutton":13,"minecraft:white_wool":12,"born_in_chaos_v1:fused_bone":8,"born_in_chaos_v1:corpse_maggot":27,"born_in_chaos_v1:monster_flesh":7,"born_in_chaos_v1:pumpkin_staff":1,"minecraft:leather":23,"minecraft:birch_planks":217,"minecraft:oak_log":58,"minecraft:ancient_debris":2,"minecraft:nether_wart_block":2,"minecraft:gunpowder":28,"minecraft:wooden_hoe":2,"born_in_chaos_v1:soul_cutlass":1,"born_in_chaos_v1:smoked_flesh":6,"minecraft:iron_ingot":12,"minecraft:stone_pickaxe":1,"minecraft:iron_ore":1,"cctvcraft:raw_aluminum":6,"minecraft:book":146,"minecraft:oak_slab":3,"born_in_chaos_v1:death_totem":1,"minecraft:dark_oak_slab":1,"born_in_chaos_v1:lifestealer_bone":3,"born_in_chaos_v1:ethereal_spirit":18,"born_in_chaos_v1:orbofthe_summoner":1,"minecraft:quartz":8,"minecraft:dripstone_block":18,"minecraft:gravel":8,"born_in_chaos_v1:dark_rod":1,"minecraft:white_bed":9,"minecraft:spruce_log":3,"cctvcraft:aluminum_ingot":3,"minecraft:crying_obsidian":1,"minecraft:green_carpet":5,"minecraft:spider_eye":4,"minecraft:pumpkin_seeds":24,"minecraft:stone_axe":1,"minecraft:gray_wool":2,"born_in_chaos_v1:spiny_shell_armor_chestplate":1,"minecraft:black_wool":1,"cgm:workbench":1,"minecraft:coal":92,"minecraft:ender_pearl":15}},"DataVersion":3465}