{"stats":{"minecraft:used":{"minecraft:polished_deepslate":2,"undead_revamp2:blacpetalblock":1,"minecraft:shield":15,"minecraft:cooked_chicken":3,"minecraft:rotten_flesh":3,"minecraft:iron_chestplate":2,"minecraft:torch":8,"minecraft:dirt":13,"minecraft:tuff":1,"minecraft:granite":1,"minecraft:stripped_spruce_log":1,"minecraft:wooden_axe":20,"born_in_chaos_v1:smoked_flesh":1,"minecraft:iron_axe":68,"minecraft:oak_stairs":3,"minecraft:dark_oak_slab":1,"minecraft:iron_boots":1,"minecraft:furnace":7,"minecraft:cooked_beef":9,"minecraft:cobbled_deepslate":8,"minecraft:cooked_mutton":7,"minecraft:water_bucket":13,"minecraft:diorite":25,"minecraft:birch_planks":240,"minecraft:stone_pickaxe":123,"minecraft:wooden_pickaxe":10,"biomesoplenty:lavender":1,"minecraft:diamond_axe":420,"born_in_chaos_v1:infected_diamond_ore":11,"minecraft:golden_apple":1,"minecraft:mossy_cobblestone":1,"minecraft:oak_slab":3,"minecraft:crafting_table":12,"minecraft:white_bed":6,"minecraft:diamond_pickaxe":214,"minecraft:black_wool":1,"minecraft:bread":1,"minecraft:iron_pickaxe":129,"minecraft:stone_axe":142,"minecraft:wooden_sword":4,"minecraft:cobblestone":201,"born_in_chaos_v1:rotten_fish":2,"minecraft:cooked_porkchop":17,"minecraft:birch_log":2,"minecraft:andesite":1,"minecraft:bucket":14},"minecraft:dropped":{"minecraft:iron_ingot":3,"minecraft:birch_planks":13,"cctvcraft:raw_aluminum":4,"minecraft:crafting_table":1,"minecraft:dripstone_block":10,"minecraft:oak_fence":1,"minecraft:feather":3,"minecraft:cobblestone":1,"minecraft:book":83,"minecraft:leather":8,"minecraft:amethyst_block":6,"minecraft:granite":6,"born_in_chaos_v1:pieceofdarkmetal":1,"graveyard:corruption":1,"minecraft:coal":15,"minecraft:stick":6,"born_in_chaos_v1:monster_flesh":2,"minecraft:dirt":22,"cctvcraft:aluminum_ingot":7,"born_in_chaos_v1:gnawed_bones":1,"minecraft:gray_wool":2,"minecraft:diorite":4,"born_in_chaos_v1:monster_skin":1,"minecraft:mutton":2,"minecraft:wooden_axe":2,"minecraft:chain":1,"minecraft:bone_meal":24,"minecraft:iron_pickaxe":1,"born_in_chaos_v1:infected_diamond_ore":2,"minecraft:string":17,"minecraft:white_wool":2,"minecraft:bucket":1,"minecraft:bone":9,"minecraft:furnace":1,"minecraft:stone_axe":3,"minecraft:cobbled_deepslate":1,"minecraft:raw_copper":1,"minecraft:bowl":1,"minecraft:black_carpet":1,"minecraft:tuff":1,"minecraft:raw_iron":11,"minecraft:pointed_dripstone":2,"born_in_chaos_v1:ethereal_spirit":15,"minecraft:chicken":2,"minecraft:rotten_flesh":39,"born_in_chaos_v1:smoked_flesh":5,"minecraft:iron_boots":1,"minecraft:white_bed":1,"minecraft:mangrove_log":1,"minecraft:gunpowder":8,"minecraft:iron_chestplate":1,"minecraft:andesite":6,"born_in_chaos_v1:spiny_shell":5,"born_in_chaos_v1:corpse_maggot":9,"minecraft:azalea":1,"minecraft:ladder":4,"born_in_chaos_v1:diamond_termite_shard":5,"minecraft:spruce_log":3,"minecraft:bow":1,"minecraft:arrow":9,"minecraft:stone_pickaxe":2,"minecraft:beef":5,"minecraft:wooden_pickaxe":2,"minecraft:raw_gold":1,"minecraft:calcite":1},"minecraft:crafted":{"minecraft:wooden_sword":1,"minecraft:cooked_chicken":3,"minecraft:furnace":3,"minecraft:bone_meal":12,"cctvcraft:aluminum_ingot":7,"minecraft:cooked_mutton":7,"minecraft:diamond":1,"minecraft:iron_boots":1,"minecraft:iron_axe":1,"minecraft:stone_pickaxe":1,"minecraft:cooked_beef":9,"sophisticatedbackpacks:backpack":1,"minecraft:cooked_porkchop":17,"minecraft:crafting_table":2,"minecraft:wooden_pickaxe":3,"minecraft:iron_helmet":1,"minecraft:birch_planks":308,"minecraft:stone_axe":2,"minecraft:air":0,"minecraft:iron_chestplate":1,"minecraft:diamond_pickaxe":1,"minecraft:shield":1,"minecraft:stick":24,"minecraft:iron_ingot":28,"minecraft:iron_pickaxe":1,"minecraft:wooden_axe":1,"minecraft:iron_leggings":1,"minecraft:white_bed":2,"minecraft:torch":8},"minecraft:broken":{"minecraft:iron_boots":1,"minecraft:iron_chestplate":1,"minecraft:iron_helmet":1},"minecraft:killed":{"graveyard:skeleton_creeper":2,"minecraft:spider":3,"born_in_chaos_v1:thornshell_crab":2,"born_in_chaos_v1:scarlet_persecutor":2,"minecraft:skeleton":3,"arphex:long_legs_fly":1,"minecraft:chicken":5,"born_in_chaos_v1:fallen_chaos_knight":1,"minecraft:pig":6,"born_in_chaos_v1:diamond_termite":14,"undead_revamp2:the_moonflower":6,"born_in_chaos_v1:decrepit_skeleton":4,"minecraft:sheep":6,"undead_revamp2:thesomnolence":1,"minecraft:zombie":12,"born_in_chaos_v1:dread_hound":1,"born_in_chaos_v1:corpse_fly":5,"born_in_chaos_v1:door_knight":2,"apollyon:the_damned":1,"minecraft:cow":13},"minecraft:mined":{"minecraft:tuff":2,"minecraft:white_bed":2,"minecraft:mossy_cobblestone":3,"minecraft:deepslate_diamond_ore":2,"born_in_chaos_v1:infected_diamond_ore":9,"minecraft:glow_lichen":1,"cctvcraft:aluminum_ore":2,"minecraft:granite":3,"minecraft:grass_block":4,"minecraft:spawner":3,"minecraft:furnace":6,"minecraft:iron_ore":37,"minecraft:cobbled_deepslate":3,"biomesoplenty:lavender":1,"minecraft:andesite":5,"minecraft:black_carpet":1,"minecraft:deepslate_lapis_ore":4,"minecraft:polished_deepslate":2,"minecraft:bookshelf":19,"minecraft:pointed_dripstone":4,"biomesoplenty:high_grass":1,"minecraft:deepslate_iron_ore":14,"minecraft:stone":165,"minecraft:oak_fence":1,"minecraft:crafting_table":11,"minecraft:emerald_ore":1,"minecraft:calcite":1,"minecraft:chest":1,"minecraft:tall_grass":3,"minecraft:cobblestone":49,"minecraft:deepslate_gold_ore":1,"biomesoplenty:huge_clover_petal":5,"minecraft:diorite":27,"minecraft:amethyst_block":5,"minecraft:chain":2,"minecraft:birch_planks":69,"minecraft:birch_log":61,"minecraft:birch_leaves":34,"minecraft:grass":7,"biomesoplenty:clover":1,"minecraft:coal_ore":51,"minecraft:dark_oak_button":1,"minecraft:dripstone_block":4,"minecraft:dirt":25,"minecraft:cobweb":4,"minecraft:polished_andesite":1,"minecraft:deepslate":13},"minecraft:picked_up":{"minecraft:wooden_axe":5,"minecraft:iron_chestplate":1,"minecraft:crafting_table":15,"born_in_chaos_v1:diamond_termite_shard":14,"minecraft:black_carpet":1,"minecraft:chicken":5,"minecraft:ladder":4,"born_in_chaos_v1:seedof_chaos":1,"minecraft:wooden_pickaxe":3,"minecraft:oak_stairs":3,"minecraft:wither_rose":1,"minecraft:chain":1,"minecraft:amethyst_block":6,"minecraft:polished_deepslate":2,"minecraft:string":5,"minecraft:raw_copper":1,"minecraft:wooden_sword":1,"graveyard:corruption":1,"minecraft:cobbled_deepslate":23,"minecraft:bucket":1,"minecraft:beef":29,"born_in_chaos_v1:gnawed_bones":1,"minecraft:calcite":1,"minecraft:azalea":1,"minecraft:chest":1,"minecraft:iron_boots":1,"minecraft:mangrove_log":1,"minecraft:furnace":6,"minecraft:stick":14,"minecraft:raw_iron":54,"minecraft:oak_fence":1,"minecraft:bowl":1,"minecraft:porkchop":17,"minecraft:pointed_dripstone":6,"minecraft:diorite":29,"born_in_chaos_v1:pieceofdarkmetal":4,"minecraft:arrow":7,"minecraft:rotten_flesh":49,"born_in_chaos_v1:spiny_shell":10,"born_in_chaos_v1:infected_diamond_ore":1,"minecraft:mutton":9,"minecraft:white_wool":8,"minecraft:cobblestone":227,"biomesoplenty:lavender":1,"born_in_chaos_v1:fused_bone":2,"minecraft:birch_log":95,"born_in_chaos_v1:corpse_maggot":9,"minecraft:feather":3,"born_in_chaos_v1:monster_flesh":2,"minecraft:andesite":7,"minecraft:leather":15,"minecraft:birch_planks":171,"minecraft:tuff":2,"minecraft:gunpowder":2,"minecraft:lapis_lazuli":25,"minecraft:dirt":48,"born_in_chaos_v1:monster_skin":2,"minecraft:bone":12,"undead_revamp2:blacpetalblock":2,"minecraft:bow":1,"minecraft:raw_gold":1,"minecraft:iron_ingot":5,"born_in_chaos_v1:smoked_flesh":6,"minecraft:stone_pickaxe":1,"cctvcraft:raw_aluminum":4,"minecraft:book":83,"minecraft:oak_slab":3,"minecraft:dark_oak_slab":1,"born_in_chaos_v1:ethereal_spirit":15,"minecraft:dripstone_block":10,"minecraft:stripped_spruce_log":1,"minecraft:white_bed":6,"minecraft:spruce_log":3,"minecraft:mossy_cobblestone":1,"minecraft:diamond":3,"minecraft:stone_axe":1,"minecraft:granite":7,"minecraft:bone_meal":12,"minecraft:gray_wool":2,"minecraft:emerald":1,"born_in_chaos_v1:rotten_fish":4,"minecraft:black_wool":1,"minecraft:coal":81},"minecraft:custom":{"minecraft:interact_with_smithing_table":1,"minecraft:mob_kills":96,"minecraft:interact_with_crafting_table":35,"minecraft:open_barrel":22,"minecraft:bell_ring":14,"minecraft:damage_dealt_resisted":527,"minecraft:leave_game":2,"minecraft:time_since_death":3850,"minecraft:climb_one_cm":3959,"minecraft:sprint_one_cm":588451,"minecraft:walk_one_cm":300070,"minecraft:damage_blocked_by_shield":705,"minecraft:drop":127,"minecraft:play_time":199580,"minecraft:deaths":49,"minecraft:sneak_time":18582,"minecraft:walk_under_water_one_cm":13360,"minecraft:interact_with_lectern":1,"minecraft:jump":3774,"minecraft:walk_on_water_one_cm":24615,"minecraft:total_world_time":199580,"minecraft:interact_with_furnace":58,"minecraft:sleep_in_bed":6,"minecraft:time_since_rest":3897,"minecraft:damage_taken":10016487,"minecraft:damage_absorbed":40,"minecraft:damage_dealt":17476,"minecraft:player_kills":1,"minecraft:swim_one_cm":85376,"minecraft:fly_one_cm":803439,"minecraft:open_chest":21,"minecraft:crouch_one_cm":34886,"minecraft:fall_one_cm":134547},"minecraft:killed_by":{"undead_revamp2:the_moonflower":1,"born_in_chaos_v1:nightmare_stalker":3,"minecraft:creeper":1,"minecraft:spider":2,"apollyon:the_infector":1,"born_in_chaos_v1:fallen_chaos_knight":3,"undead_revamp2:clogger":1,"undead_revamp2:thespitter":1,"bwrtherain:vapor":1,"born_in_chaos_v1:decaying_zombie":1,"man:managgresive":1,"apollyon:the_damned":1,"minecraft:skeleton":3,"minecraft:zombie":2,"antlers:wendigo":15,"born_in_chaos_v1:scarlet_persecutor":2}},"DataVersion":3465}