{"stats":{"minecraft:used":{"minecraft:polished_deepslate":2,"minecraft:shield":30,"minecraft:rotten_flesh":3,"minecraft:iron_chestplate":2,"minecraft:tuff":1,"minecraft:stripped_spruce_log":1,"born_in_chaos_v1:smoked_flesh":1,"minecraft:dark_oak_slab":1,"minecraft:furnace":9,"minecraft:diorite":25,"minecraft:stone_pickaxe":123,"minecraft:oak_planks":1,"minecraft:wooden_pickaxe":10,"biomesoplenty:lavender":1,"minecraft:diamond_axe":621,"born_in_chaos_v1:infected_diamond_ore":11,"minecraft:golden_apple":1,"minecraft:gray_concrete":3,"minecraft:bread":1,"minecraft:wooden_sword":4,"born_in_chaos_v1:rotten_fish":2,"minecraft:birch_log":2,"minecraft:andesite":1,"undead_revamp2:blacpetalblock":1,"minecraft:cooked_salmon":1,"minecraft:cooked_chicken":3,"minecraft:torch":8,"minecraft:dirt":13,"minecraft:granite":1,"minecraft:wooden_axe":20,"minecraft:iron_axe":68,"minecraft:oak_stairs":3,"minecraft:iron_boots":1,"minecraft:beef":1,"minecraft:cooked_beef":18,"minecraft:cobbled_deepslate":8,"minecraft:cooked_mutton":7,"minecraft:water_bucket":20,"minecraft:birch_planks":312,"minecraft:mossy_cobblestone":1,"minecraft:oak_slab":3,"minecraft:crafting_table":14,"minecraft:white_bed":7,"minecraft:diamond_pickaxe":309,"minecraft:black_wool":1,"minecraft:apple":5,"minecraft:iron_pickaxe":129,"minecraft:stone_axe":142,"minecraft:green_carpet":2,"minecraft:cobblestone":234,"minecraft:cooked_porkchop":17,"minecraft:bucket":21},"minecraft:dropped":{"minecraft:birch_planks":13,"cctvcraft:raw_aluminum":4,"minecraft:lapis_lazuli":7,"minecraft:cooked_beef":4,"minecraft:crafting_table":1,"minecraft:leather":13,"born_in_chaos_v1:pieceofdarkmetal":7,"graveyard:corruption":1,"born_in_chaos_v1:monster_flesh":2,"minecraft:dirt":22,"born_in_chaos_v1:spiny_shell_armor_chestplate":2,"born_in_chaos_v1:monster_skin":1,"minecraft:mutton":2,"minecraft:chain":1,"minecraft:bone_meal":24,"minecraft:iron_pickaxe":1,"minecraft:white_wool":2,"minecraft:bone":9,"minecraft:stone_axe":3,"minecraft:cobbled_deepslate":1,"minecraft:black_carpet":1,"born_in_chaos_v1:ethereal_spirit":15,"minecraft:pointed_dripstone":2,"minecraft:rotten_flesh":43,"born_in_chaos_v1:smoked_flesh":5,"minecraft:white_bed":1,"born_in_chaos_v1:spiny_shell_armor_helmet":2,"minecraft:mangrove_log":1,"minecraft:gunpowder":8,"born_in_chaos_v1:corpse_maggot":9,"minecraft:azalea":1,"minecraft:ladder":4,"born_in_chaos_v1:diamond_termite_shard":5,"minecraft:arrow":9,"minecraft:beef":5,"minecraft:iron_ingot":12,"born_in_chaos_v1:shattered_skull":2,"minecraft:wheat_seeds":1,"minecraft:dripstone_block":10,"minecraft:oak_fence":1,"minecraft:feather":3,"minecraft:cobblestone":1,"minecraft:book":83,"minecraft:amethyst_block":6,"minecraft:granite":6,"minecraft:coal":15,"minecraft:stick":10,"cctvcraft:aluminum_ingot":7,"born_in_chaos_v1:gnawed_bones":1,"minecraft:gray_wool":2,"minecraft:diorite":4,"minecraft:wooden_axe":2,"minecraft:iron_leggings":1,"born_in_chaos_v1:infected_diamond_ore":2,"minecraft:string":18,"minecraft:bucket":1,"minecraft:furnace":1,"minecraft:raw_copper":1,"minecraft:bowl":1,"minecraft:tuff":1,"minecraft:raw_iron":11,"minecraft:chicken":2,"minecraft:iron_boots":1,"minecraft:iron_chestplate":1,"born_in_chaos_v1:spiny_shell":36,"minecraft:andesite":6,"minecraft:spider_eye":3,"minecraft:spruce_log":3,"minecraft:bow":1,"minecraft:stone_pickaxe":2,"minecraft:wooden_pickaxe":2,"minecraft:raw_gold":1,"minecraft:calcite":1},"minecraft:crafted":{"minecraft:cooked_chicken":3,"born_in_chaos_v1:spiny_shell_armor_chestplate":2,"minecraft:cooked_mutton":7,"minecraft:iron_boots":2,"minecraft:birch_door":6,"sophisticatedbackpacks:backpack":1,"minecraft:cooked_porkchop":17,"minecraft:crafting_table":3,"minecraft:wooden_pickaxe":3,"minecraft:iron_helmet":1,"minecraft:birch_planks":416,"minecraft:iron_chestplate":1,"minecraft:diamond_pickaxe":1,"minecraft:shield":1,"minecraft:stick":28,"minecraft:iron_pickaxe":1,"minecraft:iron_ingot":56,"minecraft:wooden_sword":1,"minecraft:furnace":3,"minecraft:bone_meal":12,"cctvcraft:aluminum_ingot":7,"born_in_chaos_v1:spiny_shell_armor_helmet":2,"minecraft:diamond":1,"minecraft:iron_axe":1,"minecraft:stone_pickaxe":1,"minecraft:cooked_beef":18,"minecraft:stone_axe":2,"minecraft:air":0,"minecraft:wooden_axe":1,"minecraft:iron_leggings":2,"minecraft:white_bed":2,"minecraft:torch":8},"minecraft:broken":{"minecraft:iron_boots":1,"minecraft:iron_chestplate":1,"minecraft:iron_helmet":1},"minecraft:killed":{"minecraft:cave_spider":1,"graveyard:skeleton_creeper":2,"minecraft:spider":3,"undead_revamp2:theswarmer":1,"born_in_chaos_v1:scarlet_persecutor":2,"minecraft:skeleton":3,"minecraft:chicken":5,"antlers:wendigo":1,"born_in_chaos_v1:supreme_bonescaller_stage_2":1,"minecraft:pig":6,"born_in_chaos_v1:diamond_termite":14,"minecraft:creeper":1,"minecraft:sheep":10,"minecraft:zombie":12,"born_in_chaos_v1:dread_hound":1,"born_in_chaos_v1:corpse_fly":5,"born_in_chaos_v1:door_knight":2,"apollyon:the_damned":1,"minecraft:cow":17,"born_in_chaos_v1:thornshell_crab":2,"arphex:long_legs_fly":1,"born_in_chaos_v1:fallen_chaos_knight":1,"born_in_chaos_v1:bone_imp_minion":1,"undead_revamp2:the_moonflower":7,"born_in_chaos_v1:decrepit_skeleton":4,"undead_revamp2:thesomnolence":1},"minecraft:mined":{"minecraft:white_bed":2,"cctvcraft:aluminum_ore":3,"minecraft:granite":4,"minecraft:grass_block":4,"minecraft:spawner":3,"minecraft:smooth_stone":5,"minecraft:iron_ore":60,"minecraft:cobbled_deepslate":3,"biomesoplenty:lavender":1,"minecraft:black_carpet":1,"minecraft:deepslate_lapis_ore":4,"minecraft:pointed_dripstone":4,"minecraft:polished_deepslate_slab":1,"minecraft:calcite":1,"minecraft:chest":1,"minecraft:cobblestone":49,"minecraft:amethyst_block":5,"minecraft:seagrass":1,"minecraft:chain":2,"minecraft:birch_log":88,"minecraft:grass":21,"biomesoplenty:clover":1,"minecraft:dirt":25,"minecraft:oak_leaves":1,"minecraft:deepslate":13,"minecraft:tuff":2,"minecraft:mossy_cobblestone":3,"minecraft:deepslate_diamond_ore":2,"born_in_chaos_v1:infected_diamond_ore":9,"minecraft:glow_lichen":1,"minecraft:furnace":7,"minecraft:andesite":5,"minecraft:polished_deepslate":2,"minecraft:bookshelf":19,"biomesoplenty:high_grass":1,"minecraft:deepslate_iron_ore":14,"minecraft:stone":216,"minecraft:gray_concrete":4,"minecraft:oak_fence":1,"minecraft:crafting_table":12,"minecraft:emerald_ore":2,"minecraft:tall_grass":3,"endofherobrine:glowing_obsidian":1,"biomesoplenty:huge_clover_petal":5,"minecraft:deepslate_gold_ore":1,"minecraft:diorite":27,"minecraft:birch_planks":90,"minecraft:birch_leaves":34,"minecraft:coal_ore":51,"minecraft:dark_oak_button":1,"minecraft:dripstone_block":4,"minecraft:cobweb":4,"minecraft:polished_andesite":1},"minecraft:picked_up":{"minecraft:wooden_axe":5,"minecraft:iron_chestplate":1,"minecraft:black_carpet":1,"minecraft:oak_stairs":3,"minecraft:wither_rose":1,"minecraft:amethyst_block":6,"minecraft:polished_deepslate":2,"minecraft:string":18,"minecraft:raw_copper":1,"minecraft:cooked_salmon":1,"minecraft:cobbled_deepslate":23,"minecraft:smooth_stone":5,"minecraft:bucket":1,"minecraft:calcite":1,"minecraft:azalea":1,"minecraft:furnace":7,"minecraft:mangrove_log":1,"minecraft:iron_boots":1,"minecraft:stick":14,"born_in_chaos_v1:shattered_skull":2,"minecraft:oak_fence":1,"minecraft:porkchop":17,"minecraft:pointed_dripstone":6,"minecraft:diorite":29,"minecraft:rotten_flesh":53,"born_in_chaos_v1:infected_diamond_ore":1,"minecraft:cobblestone":283,"biomesoplenty:lavender":1,"minecraft:birch_log":122,"born_in_chaos_v1:spiny_shell_armor_helmet":1,"minecraft:feather":3,"minecraft:cooked_beef":4,"minecraft:andesite":7,"minecraft:tuff":2,"minecraft:lapis_lazuli":25,"minecraft:gray_concrete":4,"minecraft:dirt":48,"born_in_chaos_v1:monster_skin":2,"minecraft:bone":14,"undead_revamp2:blacpetalblock":2,"minecraft:bow":1,"minecraft:wheat_seeds":1,"minecraft:raw_gold":1,"minecraft:oak_planks":1,"minecraft:stripped_spruce_log":1,"minecraft:mossy_cobblestone":1,"born_in_chaos_v1:fire_dust":1,"minecraft:diamond":3,"minecraft:granite":8,"minecraft:bone_meal":12,"minecraft:emerald":4,"born_in_chaos_v1:rotten_fish":4,"minecraft:crafting_table":16,"born_in_chaos_v1:diamond_termite_shard":14,"minecraft:chicken":5,"minecraft:ladder":4,"born_in_chaos_v1:seedof_chaos":2,"minecraft:wooden_pickaxe":3,"minecraft:chain":1,"minecraft:wooden_sword":1,"graveyard:corruption":1,"minecraft:beef":36,"born_in_chaos_v1:gnawed_bones":1,"minecraft:chest":1,"minecraft:raw_iron":79,"minecraft:polished_deepslate_slab":1,"minecraft:bowl":1,"born_in_chaos_v1:pieceofdarkmetal":7,"minecraft:arrow":7,"born_in_chaos_v1:spiny_shell":13,"minecraft:mutton":13,"minecraft:white_wool":12,"born_in_chaos_v1:fused_bone":2,"born_in_chaos_v1:corpse_maggot":9,"born_in_chaos_v1:monster_flesh":2,"minecraft:leather":20,"minecraft:birch_planks":190,"minecraft:gunpowder":2,"born_in_chaos_v1:smoked_flesh":6,"minecraft:iron_ingot":5,"minecraft:stone_pickaxe":1,"cctvcraft:raw_aluminum":6,"minecraft:book":83,"minecraft:oak_slab":3,"minecraft:dark_oak_slab":1,"born_in_chaos_v1:orbofthe_summoner":1,"born_in_chaos_v1:ethereal_spirit":15,"minecraft:dripstone_block":10,"minecraft:white_bed":6,"minecraft:spruce_log":3,"minecraft:green_carpet":2,"minecraft:spider_eye":3,"minecraft:stone_axe":1,"minecraft:gray_wool":2,"born_in_chaos_v1:spiny_shell_armor_chestplate":1,"minecraft:black_wool":1,"minecraft:coal":85},"minecraft:custom":{"minecraft:interact_with_crafting_table":43,"minecraft:open_barrel":22,"minecraft:bell_ring":14,"minecraft:leave_game":4,"minecraft:time_since_death":15314,"minecraft:sprint_one_cm":763228,"minecraft:damage_blocked_by_shield":1325,"minecraft:drop":181,"minecraft:play_time":278158,"minecraft:deaths":54,"minecraft:jump":4683,"minecraft:walk_on_water_one_cm":46986,"minecraft:enchant_item":6,"minecraft:interact_with_furnace":79,"minecraft:sleep_in_bed":6,"minecraft:damage_dealt":23397,"minecraft:player_kills":1,"minecraft:crouch_one_cm":45109,"minecraft:interact_with_smithing_table":1,"minecraft:mob_kills":119,"minecraft:damage_dealt_resisted":1085,"minecraft:climb_one_cm":3959,"minecraft:walk_one_cm":396123,"minecraft:sneak_time":22550,"minecraft:walk_under_water_one_cm":27204,"minecraft:boat_one_cm":38,"minecraft:interact_with_lectern":1,"minecraft:total_world_time":278158,"minecraft:time_since_rest":15350,"minecraft:damage_taken":10102288,"minecraft:damage_absorbed":40,"minecraft:swim_one_cm":129742,"minecraft:fly_one_cm":987373,"minecraft:open_chest":22,"minecraft:fall_one_cm":158253},"minecraft:killed_by":{"undead_revamp2:the_moonflower":1,"born_in_chaos_v1:nightmare_stalker":3,"minecraft:creeper":1,"undead_revamp2:clogger":1,"bwrtherain:vapor":1,"man:managgresive":1,"minecraft:zombie":2,"born_in_chaos_v1:scarlet_persecutor":2,"minecraft:player":1,"minecraft:spider":2,"apollyon:the_infector":1,"born_in_chaos_v1:fallen_chaos_knight":3,"undead_revamp2:thespitter":1,"born_in_chaos_v1:decaying_zombie":1,"apollyon:the_damned":1,"minecraft:skeleton":3,"antlers:wendigo":15}},"DataVersion":3465}