{"stats":{"minecraft:killed_by":{"minecraft:skeleton":1,"bwrtherain:vapor":2,"minecraft:zombie":1,"antlers:wendigo":5},"minecraft:custom":{"minecraft:time_since_rest":1143,"minecraft:sprint_one_cm":75705,"minecraft:damage_taken":20002140,"minecraft:walk_one_cm":97231,"minecraft:mob_kills":4,"minecraft:drop":1,"minecraft:damage_dealt":484,"minecraft:interact_with_crafting_table":2,"minecraft:fly_one_cm":81246,"minecraft:crouch_one_cm":5647,"minecraft:play_time":36143,"minecraft:deaths":9,"minecraft:sneak_time":2231,"minecraft:walk_under_water_one_cm":282,"minecraft:jump":528,"minecraft:leave_game":1,"minecraft:time_since_death":1100,"minecraft:walk_on_water_one_cm":726,"minecraft:total_world_time":36143,"minecraft:fall_one_cm":18056},"minecraft:mined":{"minecraft:birch_log":25,"minecraft:birch_leaves":11,"minecraft:grass":2,"minecraft:grass_block":8,"minecraft:rose_bush":13,"minecraft:stone":4},"minecraft:crafted":{"minecraft:wooden_sword":1,"minecraft:stick":8,"minecraft:wooden_pickaxe":1,"minecraft:wooden_axe":1,"minecraft:birch_planks":16},"minecraft:picked_up":{"minecraft:wooden_axe":1,"minecraft:birch_log":32,"born_in_chaos_v1:corpse_maggot":4,"minecraft:stick":7,"minecraft:wooden_pickaxe":1,"minecraft:birch_planks":4,"minecraft:dirt":6,"minecraft:wooden_sword":1,"minecraft:bone":1,"minecraft:arrow":1,"minecraft:rose_bush":11,"minecraft:birch_sapling":1,"minecraft:cobblestone":8},"minecraft:dropped":{"born_in_chaos_v1:corpse_maggot":2},"minecraft:used":{"minecraft:wooden_axe":22,"minecraft:rose_bush":11,"minecraft:birch_sapling":1,"minecraft:wooden_pickaxe":4,"minecraft:wooden_sword":10,"minecraft:birch_log":1},"minecraft:killed":{"minecraft:skeleton":1,"minecraft:zombie":1,"born_in_chaos_v1:corpse_fly":1}},"DataVersion":3465}