{"stats":{"minecraft:used":{"minecraft:rose_bush":11,"minecraft:shield":120,"minecraft:iron_sword":57,"minecraft:wooden_shovel":9,"minecraft:iron_chestplate":1,"minecraft:torch":9,"minecraft:dirt":8,"minecraft:wooden_axe":49,"minecraft:lava_bucket":8,"minecraft:birch_sapling":1,"minecraft:iron_helmet":1,"minecraft:iron_boots":1,"minecraft:furnace":4,"minecraft:iron_leggings":1,"minecraft:water_bucket":5,"minecraft:stone_pickaxe":156,"minecraft:wooden_pickaxe":4,"minecraft:mossy_cobblestone":3,"minecraft:crafting_table":7,"minecraft:mushroom_stew":1,"minecraft:white_bed":5,"minecraft:dripstone_block":6,"minecraft:bread":7,"minecraft:iron_pickaxe":6,"minecraft:stone_axe":294,"minecraft:wooden_sword":10,"minecraft:cobblestone":36,"minecraft:cooked_porkchop":12,"minecraft:andesite":2,"minecraft:bucket":14,"minecraft:birch_log":1},"minecraft:dropped":{"minecraft:iron_ingot":2,"minecraft:birch_planks":2,"minecraft:diamond":1,"minecraft:dripstone_block":22,"minecraft:feather":2,"minecraft:cobblestone":4,"minecraft:apple":6,"minecraft:mushroom_stew":1,"minecraft:stick":5,"minecraft:dirt":7,"minecraft:gray_wool":2,"minecraft:diorite":1,"cctvcraft:piercing_bomb":3,"minecraft:wooden_axe":1,"minecraft:bucket":1,"minecraft:white_wool":2,"minecraft:cobbled_deepslate":1,"minecraft:bowl":1,"minecraft:raw_iron":4,"undead_revamp2:arapholia":1,"minecraft:rotten_flesh":27,"born_in_chaos_v1:smoked_flesh":11,"minecraft:light_gray_wool":1,"minecraft:andesite":2,"born_in_chaos_v1:corpse_maggot":12,"born_in_chaos_v1:diamond_termite_shard":2,"minecraft:slime_ball":1,"minecraft:stone_pickaxe":1,"minecraft:black_wool":1},"minecraft:crafted":{"minecraft:wooden_sword":1,"cctvcraft:aluminum_ingot":4,"cctvcraft:metal_plate":4,"minecraft:diamond":1,"minecraft:iron_boots":1,"minecraft:stone_pickaxe":2,"cctvcraft:piercing_bomb":1,"minecraft:wooden_shovel":1,"minecraft:cooked_porkchop":8,"minecraft:crafting_table":2,"minecraft:wooden_pickaxe":1,"minecraft:iron_helmet":1,"minecraft:iron_sword":1,"minecraft:birch_planks":52,"minecraft:stone_axe":5,"minecraft:air":0,"minecraft:iron_chestplate":1,"minecraft:shield":3,"minecraft:stick":32,"minecraft:iron_ingot":39,"minecraft:iron_pickaxe":1,"minecraft:wooden_axe":2,"minecraft:iron_leggings":1,"minecraft:white_bed":1,"minecraft:torch":8},"minecraft:broken":{"minecraft:stone_pickaxe":1,"minecraft:shield":3,"minecraft:stone_axe":4,"minecraft:iron_helmet":1},"minecraft:killed":{"born_in_chaos_v1:zombie_clown":1,"minecraft:cave_spider":1,"born_in_chaos_v1:restless_spirit":1,"born_in_chaos_v1:door_knight_not_despawn":1,"minecraft:spider":5,"undead_revamp2:bomber":1,"born_in_chaos_v1:siamese_skeletonsright":1,"born_in_chaos_v1:maggot":16,"minecraft:skeleton":5,"arphex:blood_worm":3,"minecraft:chicken":1,"minecraft:pig":8,"born_in_chaos_v1:diamond_termite":5,"minecraft:zombie_villager":1,"undead_revamp2:the_moonflower":3,"minecraft:creeper":2,"born_in_chaos_v1:decrepit_skeleton":5,"minecraft:sheep":9,"born_in_chaos_v1:decaying_zombie":1,"minecraft:zombie":26,"born_in_chaos_v1:dread_hound":3,"born_in_chaos_v1:corpse_fly":2,"born_in_chaos_v1:siamese_skeletonsleft":1},"minecraft:mined":{"minecraft:large_amethyst_bud":1,"minecraft:white_bed":1,"minecraft:mossy_cobblestone":3,"cctvcraft:aluminum_ore":8,"minecraft:ladder":1,"minecraft:granite":4,"minecraft:grass_block":10,"minecraft:spawner":3,"minecraft:furnace":3,"minecraft:iron_ore":17,"minecraft:andesite":3,"minecraft:bookshelf":11,"biomesoplenty:high_grass":2,"minecraft:deepslate_iron_ore":21,"minecraft:stone":47,"minecraft:crafting_table":4,"minecraft:torch":1,"minecraft:rose_bush":13,"biomesoplenty:high_grass_plant":3,"minecraft:tall_grass":3,"minecraft:cobblestone":7,"minecraft:diorite":3,"minecraft:amethyst_block":1,"minecraft:birch_planks":3,"minecraft:birch_log":30,"minecraft:birch_leaves":21,"minecraft:grass":9,"minecraft:coal_ore":11,"minecraft:gravel":1,"minecraft:dirt":6,"minecraft:deepslate":5},"minecraft:picked_up":{"minecraft:wooden_axe":1,"minecraft:crafting_table":5,"born_in_chaos_v1:diamond_termite_shard":13,"minecraft:wooden_pickaxe":1,"minecraft:string":19,"minecraft:wooden_sword":1,"born_in_chaos_v1:intoxicating_decoction":3,"minecraft:cobbled_deepslate":1,"minecraft:bucket":2,"cctvcraft:piercing_bomb":3,"minecraft:rose_bush":11,"minecraft:light_gray_wool":1,"minecraft:birch_sapling":1,"minecraft:furnace":4,"minecraft:stick":12,"minecraft:raw_iron":48,"minecraft:torch":1,"minecraft:porkchop":16,"minecraft:diorite":1,"born_in_chaos_v1:pieceofdarkmetal":2,"minecraft:arrow":11,"minecraft:rotten_flesh":32,"born_in_chaos_v1:spiny_shell":1,"minecraft:mutton":15,"undead_revamp2:arapholia":1,"minecraft:white_wool":5,"minecraft:cobblestone":66,"minecraft:birch_log":37,"born_in_chaos_v1:corpse_maggot":14,"minecraft:feather":2,"born_in_chaos_v1:monster_flesh":3,"minecraft:andesite":4,"minecraft:leather":1,"minecraft:birch_planks":20,"minecraft:mushroom_stew":1,"minecraft:gunpowder":8,"minecraft:dirt":21,"born_in_chaos_v1:monster_skin":3,"minecraft:bone":24,"minecraft:raw_gold":1,"minecraft:stone_pickaxe":1,"minecraft:iron_ingot":9,"born_in_chaos_v1:smoked_flesh":10,"cctvcraft:raw_aluminum":11,"minecraft:book":59,"minecraft:cooked_porkchop":8,"born_in_chaos_v1:ethereal_spirit":20,"minecraft:dripstone_block":28,"minecraft:white_bed":4,"cctvcraft:aluminum_ingot":7,"minecraft:mossy_cobblestone":3,"minecraft:slime_ball":1,"minecraft:stone_axe":1,"minecraft:gray_wool":2,"minecraft:black_wool":1,"minecraft:coal":39},"minecraft:custom":{"minecraft:mob_kills":113,"minecraft:interact_with_crafting_table":36,"minecraft:open_barrel":13,"minecraft:interact_with_campfire":8,"minecraft:damage_dealt_resisted":1041,"minecraft:leave_game":3,"minecraft:time_since_death":2947,"minecraft:climb_one_cm":1814,"minecraft:sprint_one_cm":349016,"minecraft:walk_one_cm":411697,"minecraft:damage_blocked_by_shield":9365,"minecraft:drop":46,"minecraft:play_time":160203,"minecraft:deaths":70,"minecraft:sneak_time":11317,"minecraft:walk_under_water_one_cm":25798,"minecraft:interact_with_lectern":1,"minecraft:jump":2790,"minecraft:walk_on_water_one_cm":22383,"minecraft:total_world_time":160203,"minecraft:interact_with_furnace":36,"minecraft:sleep_in_bed":5,"minecraft:time_since_rest":2978,"minecraft:damage_taken":20019797,"minecraft:damage_dealt":18144,"minecraft:swim_one_cm":60954,"minecraft:fly_one_cm":443853,"minecraft:open_chest":11,"minecraft:crouch_one_cm":26536,"minecraft:fall_one_cm":91753},"minecraft:killed_by":{"minecraft:player":1,"undead_revamp2:the_moonflower":5,"born_in_chaos_v1:nightmare_stalker":10,"minecraft:creeper":1,"born_in_chaos_v1:fallen_chaos_knight":3,"graveyard:skeleton_creeper":1,"undead_revamp2:clogger":1,"bwrtherain:vapor":2,"arphex:blood_worm":1,"apollyon:the_damned":1,"undead_revamp2:bomber":1,"arphex:long_legs_fly":2,"minecraft:skeleton":11,"minecraft:zombie":4,"antlers:wendigo":13,"born_in_chaos_v1:scarlet_persecutor":2,"cave_dweller:cave_dweller":2,"born_in_chaos_v1:door_knight":1,"born_in_chaos_v1:dread_hound":1}},"DataVersion":3465}