{"stats":{"minecraft:custom":{"minecraft:interact_with_crafting_table":88,"minecraft:open_barrel":16,"minecraft:leave_game":10,"minecraft:time_since_death":3905,"minecraft:damage_resisted":4,"minecraft:sprint_one_cm":895506,"minecraft:damage_blocked_by_shield":13936,"minecraft:drop":149,"minecraft:play_noteblock":4,"minecraft:play_time":457615,"minecraft:deaths":144,"minecraft:jump":6934,"minecraft:walk_on_water_one_cm":78301,"minecraft:enchant_item":11,"minecraft:interact_with_furnace":75,"minecraft:sleep_in_bed":6,"minecraft:damage_dealt":37809,"minecraft:player_kills":4,"minecraft:crouch_one_cm":46854,"minecraft:mob_kills":304,"minecraft:interact_with_campfire":16,"minecraft:damage_dealt_resisted":3472,"minecraft:climb_one_cm":4430,"minecraft:walk_one_cm":1123894,"minecraft:damage_dealt_absorbed":22,"minecraft:sneak_time":20620,"minecraft:walk_under_water_one_cm":80506,"minecraft:boat_one_cm":16559,"minecraft:interact_with_lectern":1,"minecraft:total_world_time":457615,"minecraft:tune_noteblock":7,"minecraft:time_since_rest":4059,"minecraft:damage_taken":30149352,"minecraft:swim_one_cm":196670,"minecraft:fly_one_cm":1462789,"minecraft:open_chest":26,"minecraft:fall_one_cm":255949},"minecraft:mined":{"minecraft:large_amethyst_bud":1,"minecraft:white_bed":7,"minecraft:spruce_trapdoor":1,"minecraft:obsidian":357,"cctvcraft:aluminum_ore":22,"minecraft:granite":8,"minecraft:grass_block":10,"minecraft:spawner":5,"minecraft:glowstone":20,"minecraft:iron_ore":69,"minecraft:fire":16,"minecraft:deepslate_lapis_ore":5,"minecraft:dark_oak_stairs":1,"minecraft:enchanting_table":2,"minecraft:light_gray_concrete":5,"minecraft:green_carpet":7,"minecraft:spruce_slab":1,"minecraft:deepslate_redstone_ore":2,"minecraft:amethyst_cluster":1,"minecraft:torch":1,"minecraft:nether_quartz_ore":1,"minecraft:cobblestone":20,"minecraft:oak_planks":7,"minecraft:amethyst_block":1,"minecraft:dark_oak_slab":1,"minecraft:birch_log":59,"minecraft:grass":23,"biomesoplenty:clover":1,"minecraft:sand":4,"minecraft:dirt":11,"minecraft:netherrack":35,"minecraft:deepslate":56,"minecraft:nether_gold_ore":40,"minecraft:tuff":18,"minecraft:mossy_cobblestone":8,"minecraft:deepslate_diamond_ore":10,"minecraft:dark_oak_log":5,"minecraft:ladder":1,"minecraft:chiseled_bookshelf":4,"minecraft:crimson_roots":3,"minecraft:redstone_ore":4,"minecraft:furnace":4,"minecraft:andesite":24,"minecraft:stripped_spruce_log":1,"minecraft:bookshelf":11,"biomesoplenty:high_grass":2,"toolleveling:tool_leveling_table":4,"minecraft:deepslate_iron_ore":38,"minecraft:stone":130,"minecraft:gray_concrete":5,"minecraft:crafting_table":7,"minecraft:light_gray_concrete_powder":1,"minecraft:rose_bush":13,"minecraft:copper_ore":20,"minecraft:tall_grass":3,"biomesoplenty:high_grass_plant":3,"endofherobrine:glowing_obsidian":2,"biomesoplenty:huge_clover_petal":1,"biomesoplenty:sprout":1,"minecraft:lapis_ore":5,"minecraft:deepslate_gold_ore":19,"minecraft:diorite":16,"minecraft:spruce_stairs":1,"minecraft:birch_planks":16,"minecraft:spruce_log":3,"minecraft:birch_leaves":21,"minecraft:coal_ore":12,"minecraft:dark_oak_button":1,"minecraft:gravel":13,"minecraft:cobweb":1,"minecraft:gold_ore":3},"minecraft:picked_up":{"minecraft:wooden_axe":1,"cgm:basic_bullet":774,"minecraft:wither_rose":2,"minecraft:potion":1,"minecraft:nether_brick":8,"minecraft:golden_sword":1,"minecraft:string":24,"minecraft:raw_copper":121,"minecraft:iron_leggings":1,"dixtas_armory:diamond_pike":1,"minecraft:beetroot":2,"minecraft:gold_nugget":165,"minecraft:cobbled_deepslate":55,"minecraft:bucket":2,"cctvcraft:piercing_bomb":3,"minecraft:rose_bush":11,"minecraft:wooden_shovel":1,"born_in_chaos_v1:stimulating_decoction":2,"minecraft:deepslate_iron_ore":2,"minecraft:furnace":5,"minecraft:iron_boots":1,"biomesoplenty:rose_quartz_block":3,"minecraft:stick":12,"born_in_chaos_v1:shattered_skull":3,"minecraft:torch":1,"minecraft:spruce_stairs":1,"born_in_chaos_v1:pileof_dark_metal":1,"minecraft:porkchop":25,"minecraft:diorite":14,"born_in_chaos_v1:nightmare_claw":2,"minecraft:rotten_flesh":97,"biomesoplenty:rose_quartz_chunk":2,"toolleveling:tool_leveling_table":4,"minecraft:obsidian":358,"undead_revamp2:arapholia":1,"minecraft:cobblestone":169,"minecraft:birch_log":66,"minecraft:enchanting_table":2,"minecraft:feather":2,"minecraft:water_bucket":1,"born_in_chaos_v1:spiritual_dust":4,"minecraft:andesite":24,"minecraft:flint":1,"minecraft:tuff":18,"minecraft:gray_concrete":8,"minecraft:lapis_lazuli":129,"minecraft:dirt":35,"minecraft:lantern":1,"minecraft:light_gray_concrete_powder":1,"born_in_chaos_v1:monster_skin":3,"minecraft:bone":52,"chiselsandbits:chiseled_block":2,"minecraft:wheat_seeds":2,"minecraft:raw_gold":32,"minecraft:glowstone_dust":57,"minecraft:oak_planks":5,"minecraft:cooked_porkchop":22,"minecraft:poisonous_potato":1,"minecraft:sand":4,"minecraft:stripped_spruce_log":1,"minecraft:ink_sac":3,"minecraft:fermented_spider_eye":1,"minecraft:dark_oak_log":5,"minecraft:mossy_cobblestone":5,"undead_revamp2:heavytooth":1,"born_in_chaos_v1:supreme_measure":1,"minecraft:light_gray_concrete":5,"born_in_chaos_v1:fire_dust":5,"minecraft:diamond":14,"minecraft:polished_blackstone_button":4,"minecraft:deepslate_gold_ore":2,"minecraft:granite":4,"minecraft:bone_meal":1,"born_in_chaos_v1:rotten_fish":4,"minecraft:netherrack":33,"minecraft:crimson_roots":3,"minecraft:crafting_table":8,"born_in_chaos_v1:diamond_termite_shard":13,"born_in_chaos_v1:seedof_chaos":1,"minecraft:wooden_pickaxe":1,"minecraft:chain":1,"minecraft:iron_axe":3,"minecraft:wooden_sword":1,"born_in_chaos_v1:intoxicating_decoction":6,"minecraft:blackstone":26,"minecraft:beef":5,"born_in_chaos_v1:gnawed_bones":1,"minecraft:light_gray_wool":1,"minecraft:spruce_slab":1,"minecraft:chest":1,"minecraft:birch_sapling":1,"minecraft:spruce_trapdoor":2,"minecraft:raw_iron":174,"minecraft:fire_charge":2,"minecraft:white_dye":7,"born_in_chaos_v1:pieceofdarkmetal":8,"minecraft:redstone":26,"minecraft:arrow":17,"cgm:assault_rifle":1,"minecraft:hay_block":1,"minecraft:stripped_dark_oak_wood":4,"born_in_chaos_v1:spiny_shell":19,"minecraft:gold_ingot":25,"minecraft:polished_blackstone":1,"minecraft:mutton":18,"minecraft:white_wool":6,"born_in_chaos_v1:corpse_maggot":17,"minecraft:dark_oak_button":2,"born_in_chaos_v1:monster_flesh":4,"minecraft:glow_ink_sac":6,"minecraft:leather":7,"minecraft:birch_planks":37,"minecraft:mushroom_stew":1,"minecraft:oak_log":2,"minecraft:gunpowder":16,"born_in_chaos_v1:smoked_flesh":10,"minecraft:iron_ingot":11,"minecraft:stone_pickaxe":1,"minecraft:soul_sand":16,"cctvcraft:raw_aluminum":29,"minecraft:dark_oak_stairs":1,"minecraft:book":59,"minecraft:dark_oak_slab":1,"born_in_chaos_v1:ethereal_spirit":23,"minecraft:quartz":13,"minecraft:dripstone_block":32,"minecraft:gravel":13,"born_in_chaos_v1:dark_rod":1,"minecraft:amethyst_shard":4,"minecraft:white_bed":10,"minecraft:spruce_log":3,"cctvcraft:aluminum_ingot":7,"minecraft:green_carpet":17,"minecraft:spider_eye":1,"undead_revamp2:rawbostrox":3,"minecraft:slime_ball":1,"minecraft:stone_axe":1,"minecraft:gray_wool":2,"minecraft:black_wool":1,"minecraft:coal":66},"minecraft:dropped":{"minecraft:birch_planks":6,"minecraft:dark_oak_stairs":1,"minecraft:diamond":1,"minecraft:dark_oak_slab":1,"minecraft:leather":3,"biomesoplenty:rose_quartz_chunk":2,"minecraft:dirt":11,"minecraft:gray_concrete":6,"biomesoplenty:rose_quartz_block":3,"minecraft:crimson_roots":3,"minecraft:bone_meal":1,"minecraft:white_wool":2,"minecraft:gold_ingot":40,"minecraft:gravel":4,"minecraft:blackstone":21,"minecraft:cobbled_deepslate":9,"minecraft:obsidian":133,"minecraft:wheat":1,"undead_revamp2:arapholia":1,"minecraft:rotten_flesh":74,"born_in_chaos_v1:smoked_flesh":16,"minecraft:gunpowder":12,"born_in_chaos_v1:corpse_maggot":12,"minecraft:chest":1,"born_in_chaos_v1:diamond_termite_shard":2,"minecraft:light_gray_concrete_powder":1,"minecraft:water_bucket":1,"minecraft:iron_ingot":9,"minecraft:stripped_spruce_log":1,"minecraft:wheat_seeds":2,"minecraft:polished_blackstone":1,"minecraft:mossy_cobblestone":1,"minecraft:dripstone_block":26,"minecraft:feather":2,"minecraft:cobblestone":15,"minecraft:apple":6,"minecraft:spruce_stairs":1,"minecraft:polished_blackstone_button":4,"minecraft:mushroom_stew":1,"minecraft:stick":5,"minecraft:gray_wool":2,"minecraft:diorite":7,"cctvcraft:piercing_bomb":3,"minecraft:wooden_axe":1,"minecraft:green_carpet":9,"minecraft:string":5,"minecraft:bucket":1,"minecraft:bowl":1,"minecraft:raw_iron":43,"minecraft:light_gray_wool":1,"minecraft:spruce_trapdoor":2,"minecraft:andesite":10,"minecraft:wooden_shovel":1,"minecraft:golden_sword":1,"minecraft:spruce_log":3,"minecraft:slime_ball":1,"chiselsandbits:chiseled_block":2,"minecraft:stone_pickaxe":1,"born_in_chaos_v1:supreme_measure":1,"minecraft:black_wool":1},"minecraft:killed":{"born_in_chaos_v1:zombie_clown":1,"endofherobrine:silverfish":2,"minecraft:cave_spider":2,"minecraft:zombified_piglin":4,"graveyard:skeleton_creeper":1,"born_in_chaos_v1:restless_spirit":3,"born_in_chaos_v1:zombie_lumberjack":2,"born_in_chaos_v1:door_knight_not_despawn":2,"minecraft:spider":14,"undead_revamp2:thesmoker":3,"born_in_chaos_v1:siamese_skeletonsright":2,"minecraft:skeleton":17,"minecraft:chicken":1,"antlers:wendigo":1,"minecraft:piglin":2,"born_in_chaos_v1:bonescaller":1,"minecraft:pig":15,"minecraft:zombie_villager":2,"born_in_chaos_v1:diamond_termite":5,"born_in_chaos_v1:bone_imp":3,"undead_revamp2:theheavy":1,"minecraft:creeper":12,"arphex:centipede_evictor_larvae":1,"minecraft:sheep":10,"minecraft:zombie":45,"born_in_chaos_v1:dread_hound":4,"born_in_chaos_v1:corpse_fly":11,"cave_dweller:cave_dweller":1,"apollyon:the_damned":3,"born_in_chaos_v1:siamese_skeletonsleft":2,"minecraft:cow":1,"undead_revamp2:thegliter":2,"undead_revamp2:bomber":1,"born_in_chaos_v1:thornshell_crab":1,"born_in_chaos_v1:zombie_bruiser":1,"born_in_chaos_v1:firelight":3,"born_in_chaos_v1:maggot":21,"arphex:blood_worm":3,"born_in_chaos_v1:corpse_fish":6,"born_in_chaos_v1:barrel_zombie":1,"born_in_chaos_v1:spiritof_chaos":1,"born_in_chaos_v1:fallen_chaos_knight":1,"minecraft:husk":1,"born_in_chaos_v1:bone_imp_minion":1,"born_in_chaos_v1:swarmer":1,"undead_revamp2:the_moonflower":10,"minecraft:squid":2,"born_in_chaos_v1:decrepit_skeleton":14,"born_in_chaos_v1:decaying_zombie":1,"born_in_chaos_v1:nightmare_stalker":1,"endofherobrine:sheep":4,"minecraft:wither_skeleton":2,"born_in_chaos_v1:lifestealer_true_form":1},"minecraft:killed_by":{"minecraft:ghast":2,"arphex:sun_scorpion":1,"undead_revamp2:the_moonflower":6,"minecraft:wither_skeleton":2,"born_in_chaos_v1:nightmare_stalker":14,"minecraft:creeper":3,"born_in_chaos_v1:corpse_fly":1,"graveyard:skeleton_creeper":1,"undead_revamp2:clogger":1,"bwrtherain:vapor":2,"man:managgresive":3,"minecraft:piglin":1,"undead_revamp2:bomber":1,"minecraft:zombie":5,"born_in_chaos_v1:scarlet_persecutor":2,"antlers:wendigomad":1,"minecraft:player":8,"born_in_chaos_v1:baby_skeleton_minion":1,"minecraft:spider":2,"born_in_chaos_v1:fallen_chaos_knight":3,"born_in_chaos_v1:bonescaller":1,"arphex:blood_worm":1,"apollyon:the_damned":2,"arphex:long_legs_fly":2,"minecraft:skeleton":15,"arphex:centipede_evictor_larvae":1,"antlers:wendigo":27,"cave_dweller:cave_dweller":3,"born_in_chaos_v1:door_knight":1,"born_in_chaos_v1:dread_hound":2},"minecraft:used":{"minecraft:shield":230,"minecraft:iron_sword":258,"minecraft:rotten_flesh":1,"minecraft:iron_chestplate":1,"minecraft:carrot":3,"minecraft:tuff":17,"minecraft:obsidian":15,"minecraft:lava_bucket":51,"minecraft:birch_sapling":1,"minecraft:lantern":1,"minecraft:iron_helmet":1,"minecraft:dark_oak_boat":1,"minecraft:furnace":6,"born_in_chaos_v1:spiny_shell_armor_helmet":1,"minecraft:diorite":5,"minecraft:stone_pickaxe":156,"minecraft:blackstone":5,"minecraft:wooden_pickaxe":4,"minecraft:mushroom_stew":1,"minecraft:dripstone_block":6,"minecraft:gray_concrete":2,"minecraft:deepslate_iron_ore":2,"minecraft:bread":15,"cgm:assault_rifle":750,"minecraft:wooden_sword":10,"minecraft:andesite":4,"minecraft:birch_log":1,"minecraft:rose_bush":11,"minecraft:enchanting_table":1,"minecraft:flint_and_steel":1,"minecraft:wooden_shovel":29,"minecraft:netherrack":14,"minecraft:torch":9,"minecraft:dirt":18,"cgm:workbench":1,"born_in_chaos_v1:supreme_measure":1,"minecraft:wooden_axe":49,"minecraft:bookshelf":17,"minecraft:iron_axe":146,"minecraft:iron_boots":1,"minecraft:beef":3,"minecraft:cobbled_deepslate":20,"minecraft:golden_axe":26,"minecraft:iron_leggings":1,"minecraft:water_bucket":63,"minecraft:birch_planks":4,"dixtas_armory:diamond_pike":66,"minecraft:mossy_cobblestone":3,"dixtas_armory:diamond_katana":10,"minecraft:crafting_table":13,"minecraft:white_bed":11,"minecraft:light_gray_concrete_powder":8,"toolleveling:tool_leveling_table":5,"minecraft:diamond_pickaxe":645,"minecraft:iron_pickaxe":209,"minecraft:stone_axe":378,"enchantinginfuser:enchanting_infuser":1,"minecraft:cobblestone":67,"minecraft:cooked_porkchop":24,"minecraft:bucket":115},"minecraft:crafted":{"minecraft:black_dye":3,"minecraft:light_gray_concrete_powder":8,"dixtas_armory:diamond_katana":1,"minecraft:oak_planks":8,"minecraft:dark_oak_boat":1,"born_in_chaos_v1:death_totem":1,"dixtas_armory:diamond_pike":1,"born_in_chaos_v1:spiny_shell_armor_chestplate":1,"minecraft:bookshelf":17,"minecraft:iron_boots":2,"minecraft:chest":1,"minecraft:golden_axe":1,"cctvcraft:piercing_bomb":1,"minecraft:wooden_shovel":1,"sophisticatedbackpacks:backpack":1,"minecraft:cooked_porkchop":8,"enchantinginfuser:enchanting_infuser":1,"minecraft:crafting_table":6,"minecraft:wooden_pickaxe":1,"minecraft:iron_helmet":1,"minecraft:copper_ingot":43,"minecraft:birch_planks":168,"minecraft:iron_chestplate":1,"minecraft:diamond_pickaxe":1,"minecraft:shield":5,"minecraft:stick":48,"minecraft:iron_ingot":87,"minecraft:iron_pickaxe":1,"minecraft:gold_ingot":25,"minecraft:light_gray_dye":3,"minecraft:wooden_sword":1,"dixtas_armory:pole":2,"minecraft:furnace":1,"minecraft:bone_meal":3,"cctvcraft:aluminum_ingot":4,"cctvcraft:metal_plate":4,"minecraft:flint_and_steel":1,"born_in_chaos_v1:spiny_shell_armor_helmet":1,"minecraft:diamond":1,"minecraft:leather":6,"minecraft:iron_axe":1,"minecraft:stone_pickaxe":3,"minecraft:dark_oak_planks":16,"cgm:workbench":1,"toolleveling:tool_leveling_table":1,"sophisticatedbackpacks:iron_backpack":1,"minecraft:cooked_beef":5,"minecraft:enchanting_table":1,"minecraft:iron_sword":1,"sophisticatedbackpacks:gold_backpack":1,"minecraft:bone":6,"minecraft:stone_axe":6,"minecraft:air":0,"minecraft:bread":4,"minecraft:white_dye":3,"minecraft:wooden_axe":2,"minecraft:iron_leggings":2,"minecraft:white_bed":1,"minecraft:torch":8},"minecraft:broken":{"born_in_chaos_v1:spiny_shell_armor_chestplate":1,"minecraft:iron_boots":2,"minecraft:iron_chestplate":1,"minecraft:iron_leggings":2,"born_in_chaos_v1:spiny_shell_armor_helmet":1,"minecraft:stone_pickaxe":1,"minecraft:stone_axe":5,"minecraft:iron_sword":1,"minecraft:shield":4,"minecraft:golden_axe":1,"minecraft:iron_axe":1,"minecraft:iron_helmet":1}},"DataVersion":3465}