{"stats":{"minecraft:crafted":{"minecraft:black_dye":3,"minecraft:light_gray_concrete_powder":8,"dixtas_armory:diamond_katana":1,"minecraft:oak_planks":52,"minecraft:dark_oak_boat":1,"born_in_chaos_v1:death_totem":3,"dixtas_armory:diamond_pike":1,"born_in_chaos_v1:spiny_shell_armor_chestplate":1,"minecraft:diamond_shovel":1,"minecraft:bookshelf":17,"minecraft:diamond_leggings":1,"minecraft:iron_boots":2,"biomesoplenty:fir_slab":6,"minecraft:chest":48,"minecraft:golden_axe":1,"minecraft:oak_slab":6,"cctvcraft:piercing_bomb":1,"minecraft:wooden_shovel":1,"sophisticatedbackpacks:backpack":1,"minecraft:cooked_porkchop":8,"enchantinginfuser:enchanting_infuser":1,"minecraft:crafting_table":6,"minecraft:wooden_pickaxe":1,"minecraft:iron_helmet":1,"minecraft:copper_ingot":126,"minecraft:birch_planks":168,"biomesoplenty:fir_planks":1520,"minecraft:iron_chestplate":1,"minecraft:diamond_pickaxe":1,"minecraft:shield":5,"minecraft:stick":64,"minecraft:iron_ingot":148,"minecraft:iron_pickaxe":1,"minecraft:gold_ingot":25,"minecraft:light_gray_dye":3,"minecraft:shears":1,"biomesoplenty:fir_door":3,"biomesoplenty:fir_stairs":28,"minecraft:wooden_sword":1,"dixtas_armory:pole":2,"minecraft:iron_nugget":36,"minecraft:furnace":3,"minecraft:bone_meal":3,"cctvcraft:aluminum_ingot":4,"cctvcraft:metal_plate":4,"minecraft:flint_and_steel":1,"born_in_chaos_v1:spiny_shell_armor_helmet":2,"minecraft:diamond":1,"minecraft:leather":6,"minecraft:iron_axe":4,"minecraft:stone_pickaxe":3,"minecraft:diamond_boots":1,"minecraft:netherite_scrap":68,"minecraft:dark_oak_planks":16,"cgm:workbench":1,"toolleveling:tool_leveling_table":1,"sophisticatedbackpacks:iron_backpack":1,"minecraft:cooked_beef":5,"minecraft:red_dye":1,"minecraft:enchanting_table":1,"minecraft:iron_sword":1,"born_in_chaos_v1:bone_heart":4,"sophisticatedbackpacks:gold_backpack":1,"minecraft:bone":6,"minecraft:stone_axe":8,"minecraft:air":0,"minecraft:bread":4,"minecraft:white_dye":3,"minecraft:wooden_axe":2,"minecraft:iron_shovel":1,"minecraft:iron_leggings":2,"minecraft:white_bed":1,"minecraft:torch":8,"minecraft:diamond_chestplate":1},"minecraft:picked_up":{"minecraft:iron_chestplate":1,"minecraft:black_carpet":24,"cgm:basic_bullet":2093,"minecraft:oak_stairs":66,"minecraft:wither_rose":5,"minecraft:potion":1,"minecraft:nether_brick":8,"born_in_chaos_v1:bloody_gadfly_eye":2,"minecraft:golden_sword":1,"born_in_chaos_v1:holiday_candy":2,"minecraft:polished_deepslate":1,"minecraft:string":36,"minecraft:raw_copper":223,"minecraft:smooth_stone_slab":26,"minecraft:iron_leggings":1,"dixtas_armory:diamond_pike":1,"minecraft:beetroot":2,"antlers:sheep_corpse":2,"minecraft:diamond_leggings":1,"minecraft:gold_nugget":272,"minecraft:cobbled_deepslate":57,"biomesoplenty:fir_planks":44,"minecraft:bucket":2,"cctvcraft:piercing_bomb":3,"minecraft:rose_bush":11,"minecraft:calcite":1,"minecraft:wooden_shovel":1,"born_in_chaos_v1:stimulating_decoction":4,"minecraft:deepslate_iron_ore":2,"minecraft:iron_boots":1,"minecraft:furnace":7,"biomesoplenty:rose_quartz_block":3,"minecraft:stick":21,"born_in_chaos_v1:shattered_skull":3,"minecraft:deepslate_brick_wall":9,"minecraft:oak_fence":3,"minecraft:torch":5,"minecraft:spruce_stairs":1,"minecraft:porkchop":34,"born_in_chaos_v1:pileof_dark_metal":1,"minecraft:diorite":25,"born_in_chaos_v1:nightmare_claw":2,"minecraft:stone_sword":1,"minecraft:rotten_flesh":245,"biomesoplenty:rose_quartz_chunk":2,"toolleveling:tool_leveling_table":5,"minecraft:blaze_rod":2,"minecraft:obsidian":362,"undead_revamp2:arapholia":4,"minecraft:cobblestone":475,"minecraft:birch_log":66,"minecraft:enchanting_table":2,"minecraft:cooked_beef":5,"minecraft:feather":2,"minecraft:water_bucket":1,"born_in_chaos_v1:spiritual_dust":4,"minecraft:andesite":28,"biomesoplenty:fir_log":819,"minecraft:flint":1,"minecraft:tuff":77,"biomesoplenty:fir_stairs":8,"minecraft:wither_skeleton_skull":1,"minecraft:gray_concrete":8,"minecraft:lapis_lazuli":343,"minecraft:dirt":494,"minecraft:lantern":5,"minecraft:light_gray_concrete_powder":1,"born_in_chaos_v1:monster_skin":5,"minecraft:bone":76,"chiselsandbits:chiseled_block":3,"minecraft:wheat_seeds":9,"minecraft:raw_gold":32,"minecraft:glowstone_dust":57,"minecraft:oak_planks":58,"biomesoplenty:toadstool":4,"minecraft:cooked_porkchop":37,"minecraft:poisonous_potato":1,"minecraft:barrel":2,"minecraft:sand":5,"minecraft:stripped_spruce_log":1,"minecraft:ink_sac":3,"minecraft:fermented_spider_eye":1,"minecraft:dark_oak_log":7,"minecraft:mossy_cobblestone":145,"undead_revamp2:heavytooth":3,"born_in_chaos_v1:supreme_measure":1,"minecraft:light_gray_concrete":7,"born_in_chaos_v1:fire_dust":5,"minecraft:deepslate":62,"minecraft:diamond":48,"minecraft:writable_book":1,"minecraft:polished_blackstone_button":4,"minecraft:deepslate_gold_ore":2,"enchantinginfuser:enchanting_infuser":1,"minecraft:granite":6,"minecraft:bone_meal":1,"minecraft:emerald":7,"minecraft:oak_sapling":3,"born_in_chaos_v1:rotten_fish":4,"minecraft:netherrack":482,"minecraft:crimson_roots":3,"minecraft:diamond_pickaxe":2,"minecraft:crafting_table":8,"born_in_chaos_v1:diamond_termite_shard":13,"minecraft:clay_ball":3,"minecraft:nether_wart":20,"born_in_chaos_v1:seedof_chaos":7,"minecraft:wooden_pickaxe":1,"minecraft:stone_brick_wall":4,"minecraft:chain":2,"biomesoplenty:fir_door":1,"minecraft:cornflower":1,"minecraft:red_bed":1,"minecraft:iron_axe":3,"minecraft:wooden_sword":1,"born_in_chaos_v1:intoxicating_decoction":8,"minecraft:blackstone":28,"minecraft:beef":5,"minecraft:sugar_cane":2,"born_in_chaos_v1:gnawed_bones":1,"minecraft:poppy":1,"minecraft:light_gray_wool":1,"minecraft:spruce_slab":1,"minecraft:lectern":1,"cgm:bazooka":1,"minecraft:chest":3,"minecraft:birch_sapling":1,"minecraft:spruce_trapdoor":2,"minecraft:egg":1,"minecraft:raw_iron":237,"minecraft:sandstone":1,"minecraft:oak_door":2,"minecraft:copper_ingot":5,"minecraft:fire_charge":2,"minecraft:white_dye":7,"born_in_chaos_v1:pieceofdarkmetal":8,"minecraft:carrot":1,"minecraft:redstone":26,"minecraft:prismarine_crystals":5,"minecraft:dark_oak_planks":5,"dixtas_armory:diamond_katana":1,"minecraft:arrow":18,"cgm:assault_rifle":1,"minecraft:hay_block":1,"minecraft:stripped_dark_oak_wood":4,"born_in_chaos_v1:spiny_shell":20,"minecraft:saddle":2,"minecraft:gold_ingot":25,"sophisticatedbackpacks:copper_backpack":1,"minecraft:polished_blackstone":1,"minecraft:mutton":22,"minecraft:white_wool":15,"minecraft:oxeye_daisy":1,"born_in_chaos_v1:fused_bone":4,"born_in_chaos_v1:corpse_maggot":27,"minecraft:dark_oak_button":2,"born_in_chaos_v1:monster_flesh":11,"born_in_chaos_v1:pumpkin_staff":1,"minecraft:glow_ink_sac":6,"minecraft:leather":17,"minecraft:birch_planks":43,"cgm:missile":18,"minecraft:mushroom_stew":1,"minecraft:oak_log":34,"minecraft:yellow_bed":1,"minecraft:ancient_debris":68,"minecraft:gunpowder":21,"minecraft:cobblestone_stairs":50,"minecraft:white_banner":1,"minecraft:cooked_mutton":11,"biomesoplenty:stripped_fir_log":1,"arphex:burning_glands":1,"minecraft:gray_carpet":6,"minecraft:stripped_oak_wood":1,"born_in_chaos_v1:smoked_flesh":10,"minecraft:iron_ingot":16,"minecraft:stone_pickaxe":1,"cctvcraft:raw_aluminum":497,"minecraft:soul_sand":38,"minecraft:dark_oak_stairs":1,"minecraft:book":80,"minecraft:oak_slab":9,"minecraft:dark_oak_slab":1,"born_in_chaos_v1:lifestealer_bone":3,"born_in_chaos_v1:ethereal_spirit":25,"minecraft:quartz":172,"minecraft:dandelion":1,"minecraft:dripstone_block":32,"minecraft:gravel":13,"born_in_chaos_v1:dark_rod":1,"minecraft:amethyst_shard":4,"minecraft:white_bed":12,"minecraft:spruce_log":3,"cctvcraft:aluminum_ingot":7,"minecraft:green_carpet":17,"minecraft:spider_eye":6,"undead_revamp2:rawbostrox":3,"minecraft:pumpkin_seeds":48,"minecraft:slime_ball":1,"minecraft:stone_axe":1,"minecraft:iron_helmet":1,"minecraft:gray_wool":3,"minecraft:black_wool":1,"minecraft:coal":123,"cgm:workbench":2,"minecraft:wooden_axe":1},"minecraft:killed":{"born_in_chaos_v1:lifestealer_true_form":1,"born_in_chaos_v1:zombie_clown":1,"endofherobrine:silverfish":2,"minecraft:cave_spider":2,"minecraft:zombified_piglin":56,"graveyard:skeleton_creeper":1,"born_in_chaos_v1:zombie_lumberjack":4,"born_in_chaos_v1:restless_spirit":4,"born_in_chaos_v1:door_knight_not_despawn":2,"minecraft:spider":20,"undead_revamp2:thesmoker":5,"born_in_chaos_v1:siamese_skeletonsright":4,"undead_revamp2:theswarmer":1,"minecraft:skeleton":25,"minecraft:chicken":2,"undead_revamp2:therod":3,"arphex:ant_arsonist":1,"undead_revamp2:thepregnant":1,"antlers:wendigo":3,"minecraft:magma_cube":1,"minecraft:piglin":3,"arphex:spider_larvae_tiny":6,"born_in_chaos_v1:bonescaller":1,"minecraft:pig":19,"born_in_chaos_v1:diamond_termite":5,"minecraft:zombie_villager":2,"born_in_chaos_v1:bone_imp":6,"undead_revamp2:theheavy":2,"bwrtherain:spider_skull":5,"minecraft:creeper":15,"arphex:centipede_evictor_larvae":1,"minecraft:sheep":17,"minecraft:pillager":17,"minecraft:zombie":67,"born_in_chaos_v1:dread_hound":7,"born_in_chaos_v1:corpse_fly":11,"minecraft:ghast":1,"cave_dweller:cave_dweller":1,"apollyon:the_damned":6,"born_in_chaos_v1:siamese_skeletonsleft":4,"minecraft:blaze":4,"minecraft:cow":3,"endofherobrine:herobrine":1,"undead_revamp2:thehunter":1,"arphex:spider_brood":1,"undead_revamp2:thegliter":2,"minecraft:vindicator":5,"undead_revamp2:bomber":4,"born_in_chaos_v1:thornshell_crab":1,"born_in_chaos_v1:zombie_bruiser":2,"born_in_chaos_v1:firelight":4,"born_in_chaos_v1:maggot":31,"minecraft:horse":1,"arphex:blood_worm":3,"undead_revamp2:thebidy":1,"born_in_chaos_v1:corpse_fish":9,"born_in_chaos_v1:mr_pumpkin_controlled":1,"born_in_chaos_v1:barrel_zombie":2,"born_in_chaos_v1:spiritof_chaos":1,"born_in_chaos_v1:fallen_chaos_knight":1,"minecraft:husk":1,"endofherobrine:villager":2,"born_in_chaos_v1:bone_imp_minion":1,"born_in_chaos_v1:swarmer":1,"undead_revamp2:the_moonflower":23,"minecraft:ravager":2,"minecraft:squid":2,"born_in_chaos_v1:decrepit_skeleton":16,"born_in_chaos_v1:bloody_gadfly":1,"born_in_chaos_v1:decaying_zombie":1,"born_in_chaos_v1:nightmare_stalker":2,"endofherobrine:sheep":4,"minecraft:wither_skeleton":17,"minecraft:villager":1},"minecraft:dropped":{"minecraft:birch_planks":12,"minecraft:dark_oak_stairs":1,"minecraft:diamond":1,"minecraft:dark_oak_slab":1,"minecraft:leather":3,"minecraft:dark_oak_button":2,"biomesoplenty:rose_quartz_chunk":2,"dixtas_armory:diamond_katana":1,"minecraft:cobblestone_stairs":50,"minecraft:dirt":264,"minecraft:gray_concrete":7,"biomesoplenty:rose_quartz_block":3,"minecraft:cornflower":1,"minecraft:mutton":4,"minecraft:crimson_roots":3,"minecraft:gold_nugget":49,"minecraft:bone_meal":1,"minecraft:sand":1,"minecraft:stripped_oak_wood":1,"born_in_chaos_v1:death_totem":1,"minecraft:white_wool":12,"minecraft:gold_ingot":40,"minecraft:bone":9,"minecraft:gravel":4,"biomesoplenty:toadstool":4,"minecraft:blackstone":21,"minecraft:cobbled_deepslate":9,"minecraft:black_carpet":24,"minecraft:wheat":1,"minecraft:obsidian":133,"undead_revamp2:arapholia":4,"minecraft:rotten_flesh":203,"born_in_chaos_v1:smoked_flesh":16,"minecraft:oak_planks":37,"minecraft:gunpowder":18,"born_in_chaos_v1:corpse_maggot":16,"minecraft:stone_brick_wall":4,"minecraft:chest":1,"born_in_chaos_v1:diamond_termite_shard":2,"minecraft:arrow":20,"minecraft:beef":2,"minecraft:quartz":128,"minecraft:light_gray_concrete_powder":1,"minecraft:netherrack":414,"minecraft:egg":1,"minecraft:water_bucket":1,"minecraft:iron_ingot":9,"minecraft:stripped_spruce_log":1,"minecraft:oak_slab":10,"minecraft:wheat_seeds":9,"minecraft:polished_blackstone":1,"minecraft:mossy_cobblestone":4,"minecraft:deepslate_brick_wall":9,"minecraft:bookshelf":1,"minecraft:dripstone_block":26,"minecraft:oak_fence":3,"minecraft:feather":2,"minecraft:cobblestone":97,"minecraft:apple":6,"minecraft:granite":2,"antlers:sheep_corpse":3,"biomesoplenty:fir_slab":2,"minecraft:spruce_stairs":1,"minecraft:polished_blackstone_button":4,"minecraft:mushroom_stew":1,"minecraft:coal":1,"minecraft:stick":16,"minecraft:oxeye_daisy":1,"minecraft:gray_wool":3,"minecraft:diorite":18,"minecraft:torch":4,"cctvcraft:piercing_bomb":3,"minecraft:wooden_axe":1,"minecraft:green_carpet":17,"minecraft:oak_stairs":47,"biomesoplenty:fir_door":1,"minecraft:wither_rose":4,"minecraft:white_banner":1,"minecraft:string":6,"biomesoplenty:fir_stairs":4,"minecraft:bucket":1,"minecraft:gray_carpet":6,"minecraft:dandelion":1,"minecraft:polished_deepslate":1,"minecraft:smooth_stone_slab":26,"minecraft:bowl":1,"minecraft:tuff":60,"minecraft:raw_iron":43,"minecraft:light_gray_wool":1,"minecraft:light_gray_concrete":4,"minecraft:hay_block":1,"minecraft:spruce_trapdoor":2,"minecraft:diamond_pickaxe":2,"minecraft:andesite":14,"minecraft:oak_sapling":3,"minecraft:wooden_shovel":2,"minecraft:golden_sword":1,"minecraft:barrel":2,"minecraft:spruce_log":3,"minecraft:slime_ball":1,"minecraft:sandstone":1,"chiselsandbits:chiseled_block":2,"minecraft:stone_pickaxe":1,"born_in_chaos_v1:supreme_measure":1,"minecraft:black_wool":1},"minecraft:broken":{"born_in_chaos_v1:spiny_shell_armor_chestplate":1,"minecraft:iron_shovel":1,"minecraft:iron_boots":3,"minecraft:iron_chestplate":1,"minecraft:iron_leggings":2,"born_in_chaos_v1:spiny_shell_armor_helmet":2,"minecraft:stone_pickaxe":1,"minecraft:stone_axe":7,"minecraft:iron_sword":1,"minecraft:diamond_leggings":1,"minecraft:shield":4,"minecraft:golden_axe":1,"minecraft:iron_axe":4,"minecraft:iron_helmet":1},"minecraft:mined":{"minecraft:large_amethyst_bud":1,"minecraft:white_bed":7,"minecraft:cobblestone_stairs":90,"minecraft:spruce_trapdoor":1,"minecraft:obsidian":360,"cctvcraft:aluminum_ore":183,"minecraft:granite":10,"minecraft:stone_brick_wall":11,"minecraft:grass_block":350,"minecraft:nether_wart":19,"minecraft:spawner":5,"biomesoplenty:stripped_fir_log":1,"biomesoplenty:bramble_leaves":1,"minecraft:magma_block":7,"minecraft:glowstone":20,"minecraft:iron_ore":94,"minecraft:fire":16,"minecraft:deepslate_lapis_ore":5,"minecraft:enchanting_table":2,"minecraft:dark_oak_stairs":1,"minecraft:dirt_path":47,"minecraft:oak_stairs":66,"minecraft:light_gray_concrete":5,"minecraft:green_carpet":7,"minecraft:spruce_slab":1,"minecraft:deepslate_redstone_ore":2,"minecraft:red_bed":1,"minecraft:blackstone":59,"minecraft:soul_fire":1,"minecraft:amethyst_cluster":1,"minecraft:torch":1,"minecraft:poppy":1,"minecraft:chest":2,"minecraft:nether_quartz_ore":418,"minecraft:cobblestone":315,"minecraft:oak_planks":58,"minecraft:iron_door":1,"minecraft:amethyst_block":1,"minecraft:dark_oak_slab":1,"minecraft:mossy_stone_brick_wall":2,"minecraft:birch_log":59,"minecraft:stripped_oak_wood":1,"biomesoplenty:fir_log":796,"antlers:bloody_pig":4,"minecraft:smooth_stone_slab":57,"minecraft:grass":82,"biomesoplenty:clover":1,"minecraft:oak_log":30,"minecraft:sand":5,"minecraft:dirt":57,"antlers:bloody_cow":3,"minecraft:ancient_debris":68,"minecraft:netherrack":5457,"minecraft:deepslate":58,"minecraft:nether_gold_ore":50,"minecraft:tuff":18,"minecraft:mossy_cobblestone":305,"minecraft:deepslate_diamond_ore":10,"minecraft:dark_oak_log":5,"antlers:bloody_fox":2,"minecraft:sea_lantern":1,"minecraft:ladder":1,"minecraft:chiseled_bookshelf":4,"minecraft:crimson_roots":3,"minecraft:sandstone":1,"cgm:workbench":1,"minecraft:redstone_ore":4,"minecraft:furnace":6,"minecraft:andesite":26,"minecraft:stripped_spruce_log":1,"biomesoplenty:fir_stairs":8,"biomesoplenty:fir_door":1,"minecraft:bookshelf":11,"biomesoplenty:high_grass":2,"toolleveling:tool_leveling_table":5,"minecraft:deepslate_iron_ore":38,"minecraft:cobblestone_slab":16,"minecraft:stone":171,"minecraft:oak_slab":5,"minecraft:glass_pane":1,"minecraft:gray_concrete":5,"minecraft:hanging_roots":2,"minecraft:soul_sand":23,"minecraft:dandelion":1,"minecraft:oak_fence":3,"minecraft:cornflower":1,"minecraft:crafting_table":7,"minecraft:light_gray_concrete_powder":1,"biomesoplenty:fir_planks":44,"minecraft:rose_bush":13,"minecraft:copper_ore":29,"minecraft:tall_grass":4,"biomesoplenty:high_grass_plant":3,"endofherobrine:glowing_obsidian":2,"biomesoplenty:sprout":1,"minecraft:deepslate_gold_ore":19,"minecraft:lapis_ore":5,"biomesoplenty:huge_clover_petal":1,"endofherobrine:mossy_stone_bricks":34,"minecraft:diorite":28,"minecraft:spruce_stairs":1,"minecraft:birch_planks":19,"antlers:sheep_corpse":5,"minecraft:spruce_log":3,"minecraft:birch_leaves":21,"minecraft:dark_oak_button":1,"minecraft:coal_ore":35,"minecraft:gravel":13,"minecraft:cobweb":2,"minecraft:cracked_stone_bricks":3,"minecraft:gold_ore":6,"minecraft:fern":5},"minecraft:killed_by":{"minecraft:ghast":2,"arphex:sun_scorpion":1,"undead_revamp2:the_moonflower":6,"minecraft:wither_skeleton":2,"minecraft:zombified_piglin":2,"born_in_chaos_v1:nightmare_stalker":14,"minecraft:creeper":3,"born_in_chaos_v1:corpse_fly":1,"graveyard:skeleton_creeper":1,"undead_revamp2:clogger":1,"bwrtherain:vapor":2,"minecraft:vindicator":1,"man:managgresive":5,"minecraft:piglin":1,"undead_revamp2:bomber":1,"minecraft:blaze":1,"minecraft:zombie":7,"born_in_chaos_v1:scarlet_persecutor":2,"undead_revamp2:thepregnant":1,"antlers:wendigomad":1,"minecraft:player":12,"born_in_chaos_v1:baby_skeleton_minion":1,"minecraft:spider":2,"born_in_chaos_v1:fallen_chaos_knight":3,"born_in_chaos_v1:bonescaller":1,"arphex:blood_worm":1,"apollyon:the_damned":3,"arphex:long_legs_fly":2,"endofherobrine:villager":2,"minecraft:skeleton":15,"arphex:centipede_evictor_larvae":1,"antlers:wendigo":33,"cave_dweller:cave_dweller":3,"born_in_chaos_v1:door_knight":1,"born_in_chaos_v1:dread_hound":2},"minecraft:used":{"minecraft:writable_book":1,"minecraft:iron_shovel":254,"chiselsandbits:chiseled_block":1,"minecraft:chest":36,"minecraft:iron_sword":258,"minecraft:shield":264,"minecraft:rotten_flesh":1,"minecraft:iron_chestplate":1,"minecraft:carrot":3,"minecraft:tuff":17,"minecraft:obsidian":15,"minecraft:lava_bucket":51,"minecraft:villager_spawn_egg":16,"minecraft:birch_sapling":1,"minecraft:lantern":1,"minecraft:iron_helmet":2,"minecraft:dark_oak_boat":1,"minecraft:furnace":10,"born_in_chaos_v1:spiny_shell_armor_helmet":2,"minecraft:diorite":5,"minecraft:oak_planks":20,"minecraft:stone_pickaxe":156,"minecraft:blackstone":7,"minecraft:wooden_pickaxe":4,"biomesoplenty:fir_planks":936,"minecraft:mushroom_stew":1,"cgm:bazooka":3,"minecraft:dripstone_block":6,"minecraft:gray_concrete":2,"minecraft:shears":13,"minecraft:deepslate_iron_ore":2,"minecraft:bread":15,"biomesoplenty:fir_stairs":18,"biomesoplenty:stripped_fir_log":1,"cgm:assault_rifle":2502,"minecraft:wooden_sword":10,"minecraft:andesite":4,"minecraft:birch_log":1,"minecraft:experience_bottle":100,"minecraft:rose_bush":11,"minecraft:enchanting_table":1,"minecraft:flint_and_steel":1,"minecraft:wooden_shovel":67,"minecraft:netherrack":52,"minecraft:torch":9,"minecraft:dirt":91,"cgm:workbench":3,"born_in_chaos_v1:supreme_measure":1,"minecraft:wooden_axe":49,"minecraft:bookshelf":50,"minecraft:iron_axe":911,"minecraft:oak_stairs":19,"minecraft:iron_boots":1,"minecraft:diamond_chestplate":1,"minecraft:beef":3,"minecraft:cobbled_deepslate":24,"minecraft:golden_axe":26,"minecraft:iron_leggings":1,"minecraft:cooked_mutton":7,"minecraft:water_bucket":75,"minecraft:birch_planks":4,"dixtas_armory:diamond_pike":66,"biomesoplenty:fir_slab":4,"minecraft:mossy_cobblestone":3,"minecraft:oak_slab":5,"dixtas_armory:diamond_katana":239,"minecraft:red_bed":1,"minecraft:crafting_table":14,"minecraft:white_bed":13,"minecraft:light_gray_concrete_powder":8,"toolleveling:tool_leveling_table":5,"minecraft:diamond_pickaxe":7735,"minecraft:diamond_shovel":179,"minecraft:iron_pickaxe":209,"minecraft:stone_axe":642,"enchantinginfuser:enchanting_infuser":2,"minecraft:cobblestone":98,"biomesoplenty:fir_door":3,"minecraft:cooked_porkchop":44,"minecraft:bucket":127,"minecraft:yellow_bed":1,"biomesoplenty:fir_log":223,"antlers:sheep_corpse":1},"minecraft:custom":{"minecraft:interact_with_crafting_table":124,"minecraft:open_barrel":32,"minecraft:leave_game":13,"minecraft:time_since_death":6053,"minecraft:damage_resisted":34,"minecraft:sprint_one_cm":1343551,"minecraft:damage_blocked_by_shield":15621,"minecraft:drop":291,"minecraft:play_noteblock":4,"minecraft:talked_to_villager":5,"minecraft:play_time":705103,"minecraft:deaths":181,"minecraft:jump":10326,"minecraft:walk_on_water_one_cm":92044,"minecraft:enchant_item":15,"minecraft:interact_with_furnace":143,"minecraft:sleep_in_bed":13,"minecraft:damage_dealt":49631,"minecraft:player_kills":9,"minecraft:crouch_one_cm":104162,"minecraft:mob_kills":560,"minecraft:interact_with_campfire":16,"minecraft:damage_dealt_resisted":4606,"minecraft:climb_one_cm":4846,"minecraft:walk_one_cm":1949647,"minecraft:damage_dealt_absorbed":62,"minecraft:raid_win":1,"minecraft:sneak_time":36278,"minecraft:walk_under_water_one_cm":101792,"minecraft:boat_one_cm":16559,"minecraft:interact_with_lectern":1,"minecraft:total_world_time":705103,"minecraft:tune_noteblock":14,"minecraft:raid_trigger":1,"minecraft:time_since_rest":6094,"minecraft:damage_taken":38627241,"minecraft:swim_one_cm":203062,"minecraft:fly_one_cm":2469832,"minecraft:open_chest":76,"minecraft:fall_one_cm":371671}},"DataVersion":3465}