{"stats":{"minecraft:used":{"minecraft:rose_bush":11,"minecraft:shield":120,"minecraft:iron_sword":236,"minecraft:wooden_shovel":10,"minecraft:iron_chestplate":1,"minecraft:torch":9,"minecraft:dirt":8,"minecraft:wooden_axe":49,"minecraft:lava_bucket":42,"minecraft:birch_sapling":1,"minecraft:iron_helmet":1,"minecraft:iron_boots":1,"minecraft:furnace":4,"minecraft:golden_axe":26,"minecraft:iron_leggings":1,"minecraft:water_bucket":5,"minecraft:birch_planks":4,"minecraft:stone_pickaxe":156,"minecraft:wooden_pickaxe":4,"minecraft:mossy_cobblestone":3,"minecraft:crafting_table":7,"minecraft:mushroom_stew":1,"minecraft:white_bed":5,"minecraft:dripstone_block":6,"minecraft:bread":7,"minecraft:iron_pickaxe":37,"minecraft:stone_axe":294,"minecraft:wooden_sword":10,"minecraft:cobblestone":42,"minecraft:cooked_porkchop":16,"minecraft:andesite":2,"minecraft:bucket":48,"minecraft:birch_log":1},"minecraft:dropped":{"minecraft:iron_ingot":2,"minecraft:stripped_spruce_log":1,"minecraft:dark_oak_stairs":1,"minecraft:birch_planks":6,"minecraft:mossy_cobblestone":1,"minecraft:diamond":1,"minecraft:dripstone_block":22,"minecraft:dark_oak_slab":1,"minecraft:feather":2,"minecraft:cobblestone":4,"minecraft:apple":6,"minecraft:mushroom_stew":1,"minecraft:stick":5,"minecraft:dirt":8,"minecraft:gray_wool":2,"minecraft:diorite":1,"cctvcraft:piercing_bomb":3,"minecraft:wooden_axe":1,"minecraft:white_wool":2,"minecraft:bucket":1,"minecraft:cobbled_deepslate":1,"minecraft:bowl":1,"minecraft:raw_iron":7,"undead_revamp2:arapholia":1,"minecraft:rotten_flesh":41,"born_in_chaos_v1:smoked_flesh":16,"minecraft:light_gray_wool":1,"minecraft:spruce_trapdoor":2,"minecraft:andesite":2,"born_in_chaos_v1:corpse_maggot":12,"minecraft:chest":1,"minecraft:wooden_shovel":1,"born_in_chaos_v1:diamond_termite_shard":2,"minecraft:spruce_log":3,"minecraft:slime_ball":1,"minecraft:stone_pickaxe":1,"minecraft:black_wool":1},"minecraft:crafted":{"minecraft:wooden_sword":1,"born_in_chaos_v1:death_totem":1,"cctvcraft:aluminum_ingot":4,"cctvcraft:metal_plate":4,"minecraft:diamond":1,"minecraft:iron_boots":1,"minecraft:leather":6,"minecraft:stone_pickaxe":2,"minecraft:chest":1,"sophisticatedbackpacks:iron_backpack":1,"minecraft:golden_axe":1,"cctvcraft:piercing_bomb":1,"minecraft:wooden_shovel":1,"sophisticatedbackpacks:backpack":1,"minecraft:cooked_porkchop":8,"minecraft:crafting_table":2,"minecraft:wooden_pickaxe":1,"minecraft:iron_helmet":1,"minecraft:iron_sword":1,"sophisticatedbackpacks:gold_backpack":1,"minecraft:birch_planks":52,"minecraft:stone_axe":5,"minecraft:air":0,"minecraft:iron_chestplate":1,"minecraft:shield":3,"minecraft:stick":36,"minecraft:iron_ingot":46,"minecraft:iron_pickaxe":1,"minecraft:wooden_axe":2,"minecraft:gold_ingot":2,"minecraft:iron_leggings":1,"minecraft:white_bed":1,"minecraft:torch":8},"minecraft:broken":{"minecraft:iron_boots":1,"minecraft:iron_chestplate":1,"minecraft:iron_leggings":1,"minecraft:stone_pickaxe":1,"minecraft:shield":3,"minecraft:golden_axe":1,"minecraft:stone_axe":4,"minecraft:iron_helmet":1},"minecraft:killed":{"born_in_chaos_v1:zombie_clown":1,"minecraft:cave_spider":1,"born_in_chaos_v1:restless_spirit":3,"born_in_chaos_v1:zombie_lumberjack":1,"born_in_chaos_v1:door_knight_not_despawn":2,"minecraft:spider":6,"born_in_chaos_v1:thornshell_crab":1,"undead_revamp2:bomber":1,"born_in_chaos_v1:siamese_skeletonsright":1,"born_in_chaos_v1:maggot":19,"minecraft:skeleton":7,"arphex:blood_worm":3,"minecraft:chicken":1,"born_in_chaos_v1:corpse_fish":2,"born_in_chaos_v1:spiritof_chaos":1,"born_in_chaos_v1:bonescaller":1,"minecraft:pig":11,"minecraft:zombie_villager":1,"born_in_chaos_v1:diamond_termite":5,"undead_revamp2:the_moonflower":3,"minecraft:creeper":2,"born_in_chaos_v1:decrepit_skeleton":7,"arphex:centipede_evictor_larvae":1,"minecraft:sheep":9,"born_in_chaos_v1:decaying_zombie":1,"minecraft:zombie":30,"born_in_chaos_v1:dread_hound":3,"born_in_chaos_v1:corpse_fly":2,"born_in_chaos_v1:nightmare_stalker":1,"minecraft:wither_skeleton":2,"born_in_chaos_v1:siamese_skeletonsleft":1},"minecraft:mined":{"minecraft:large_amethyst_bud":1,"minecraft:white_bed":2,"minecraft:mossy_cobblestone":7,"minecraft:dark_oak_log":1,"minecraft:spruce_trapdoor":1,"cctvcraft:aluminum_ore":21,"minecraft:ladder":1,"minecraft:granite":4,"minecraft:grass_block":10,"minecraft:spawner":4,"minecraft:furnace":4,"minecraft:iron_ore":17,"minecraft:fire":5,"minecraft:stripped_spruce_log":1,"minecraft:andesite":3,"minecraft:enchanting_table":1,"minecraft:dark_oak_stairs":1,"minecraft:bookshelf":11,"biomesoplenty:high_grass":2,"minecraft:deepslate_iron_ore":22,"minecraft:stone":51,"minecraft:crafting_table":5,"minecraft:torch":1,"minecraft:rose_bush":13,"biomesoplenty:high_grass_plant":3,"minecraft:tall_grass":3,"minecraft:cobblestone":9,"minecraft:deepslate_gold_ore":1,"minecraft:diorite":3,"minecraft:amethyst_block":1,"minecraft:birch_planks":14,"minecraft:dark_oak_slab":1,"minecraft:birch_log":30,"minecraft:spruce_log":3,"minecraft:birch_leaves":21,"minecraft:grass":16,"minecraft:coal_ore":11,"minecraft:gravel":1,"minecraft:dirt":7,"minecraft:deepslate":5},"minecraft:picked_up":{"minecraft:wooden_axe":1,"minecraft:crafting_table":6,"born_in_chaos_v1:diamond_termite_shard":13,"born_in_chaos_v1:seedof_chaos":1,"minecraft:wooden_pickaxe":1,"minecraft:chain":1,"minecraft:string":19,"minecraft:wooden_sword":1,"born_in_chaos_v1:intoxicating_decoction":3,"minecraft:cobbled_deepslate":1,"minecraft:bucket":2,"cctvcraft:piercing_bomb":3,"minecraft:rose_bush":11,"minecraft:wooden_shovel":1,"minecraft:light_gray_wool":1,"minecraft:chest":1,"minecraft:birch_sapling":1,"minecraft:spruce_trapdoor":2,"minecraft:furnace":5,"minecraft:stick":12,"minecraft:raw_iron":54,"minecraft:torch":1,"minecraft:porkchop":16,"minecraft:diorite":1,"born_in_chaos_v1:nightmare_claw":2,"born_in_chaos_v1:pieceofdarkmetal":3,"minecraft:arrow":13,"minecraft:rotten_flesh":46,"born_in_chaos_v1:spiny_shell":3,"minecraft:mutton":15,"undead_revamp2:arapholia":1,"minecraft:white_wool":5,"minecraft:cobblestone":85,"minecraft:birch_log":37,"minecraft:enchanting_table":1,"born_in_chaos_v1:corpse_maggot":16,"minecraft:feather":2,"born_in_chaos_v1:monster_flesh":4,"born_in_chaos_v1:spiritual_dust":2,"minecraft:andesite":4,"minecraft:leather":1,"minecraft:birch_planks":35,"minecraft:mushroom_stew":1,"minecraft:gunpowder":8,"minecraft:dirt":22,"born_in_chaos_v1:monster_skin":3,"minecraft:bone":32,"minecraft:raw_gold":2,"minecraft:stone_pickaxe":1,"minecraft:iron_ingot":11,"born_in_chaos_v1:smoked_flesh":10,"minecraft:dark_oak_stairs":1,"cctvcraft:raw_aluminum":28,"minecraft:book":59,"minecraft:dark_oak_slab":1,"minecraft:cooked_porkchop":14,"born_in_chaos_v1:ethereal_spirit":23,"minecraft:dripstone_block":32,"minecraft:spider_eye":1,"minecraft:dark_oak_log":1,"minecraft:stripped_spruce_log":1,"minecraft:spruce_log":3,"minecraft:white_bed":5,"minecraft:fermented_spider_eye":1,"cctvcraft:aluminum_ingot":7,"minecraft:mossy_cobblestone":4,"minecraft:slime_ball":1,"minecraft:stone_axe":1,"minecraft:gray_wool":2,"born_in_chaos_v1:rotten_fish":2,"minecraft:black_wool":1,"minecraft:coal":60},"minecraft:custom":{"minecraft:mob_kills":143,"minecraft:interact_with_crafting_table":45,"minecraft:open_barrel":14,"minecraft:interact_with_campfire":8,"minecraft:damage_dealt_resisted":2433,"minecraft:leave_game":4,"minecraft:time_since_death":1335,"minecraft:climb_one_cm":1814,"minecraft:sprint_one_cm":428536,"minecraft:walk_one_cm":550617,"minecraft:damage_blocked_by_shield":9365,"minecraft:drop":64,"minecraft:play_time":219828,"minecraft:deaths":93,"minecraft:sneak_time":12293,"minecraft:walk_under_water_one_cm":30121,"minecraft:interact_with_lectern":1,"minecraft:jump":3525,"minecraft:walk_on_water_one_cm":28275,"minecraft:total_world_time":219828,"minecraft:interact_with_furnace":39,"minecraft:sleep_in_bed":5,"minecraft:time_since_rest":1370,"minecraft:damage_taken":20026459,"minecraft:damage_dealt":24357,"minecraft:swim_one_cm":66412,"minecraft:fly_one_cm":550463,"minecraft:open_chest":15,"minecraft:crouch_one_cm":29176,"minecraft:fall_one_cm":119114},"minecraft:killed_by":{"minecraft:ghast":2,"minecraft:player":1,"born_in_chaos_v1:baby_skeleton_minion":1,"undead_revamp2:the_moonflower":5,"minecraft:wither_skeleton":2,"born_in_chaos_v1:nightmare_stalker":13,"minecraft:creeper":3,"born_in_chaos_v1:fallen_chaos_knight":3,"graveyard:skeleton_creeper":1,"undead_revamp2:clogger":1,"bwrtherain:vapor":2,"man:managgresive":1,"born_in_chaos_v1:bonescaller":1,"arphex:blood_worm":1,"apollyon:the_damned":1,"undead_revamp2:bomber":1,"arphex:long_legs_fly":2,"minecraft:skeleton":12,"arphex:centipede_evictor_larvae":1,"minecraft:zombie":4,"antlers:wendigo":18,"born_in_chaos_v1:scarlet_persecutor":2,"cave_dweller:cave_dweller":3,"born_in_chaos_v1:door_knight":1,"born_in_chaos_v1:dread_hound":2}},"DataVersion":3465}