{"stats":{"minecraft:used":{"minecraft:enchanting_table":1,"minecraft:rose_bush":11,"minecraft:rotten_flesh":1,"minecraft:shield":151,"minecraft:iron_sword":258,"minecraft:wooden_shovel":15,"minecraft:iron_chestplate":1,"minecraft:torch":9,"minecraft:dirt":8,"minecraft:tuff":17,"minecraft:wooden_axe":49,"minecraft:lava_bucket":49,"minecraft:bookshelf":11,"minecraft:lantern":1,"minecraft:birch_sapling":1,"minecraft:iron_helmet":1,"minecraft:iron_boots":1,"minecraft:furnace":5,"minecraft:cobbled_deepslate":4,"minecraft:golden_axe":26,"minecraft:iron_leggings":1,"born_in_chaos_v1:spiny_shell_armor_helmet":1,"minecraft:water_bucket":5,"minecraft:diorite":3,"minecraft:birch_planks":4,"minecraft:stone_pickaxe":156,"minecraft:wooden_pickaxe":4,"minecraft:mossy_cobblestone":3,"minecraft:crafting_table":8,"minecraft:mushroom_stew":1,"minecraft:white_bed":7,"minecraft:dripstone_block":6,"minecraft:bread":11,"minecraft:iron_pickaxe":209,"minecraft:stone_axe":376,"minecraft:wooden_sword":10,"minecraft:cobblestone":50,"minecraft:cooked_porkchop":22,"minecraft:andesite":4,"minecraft:bucket":55,"minecraft:birch_log":1},"minecraft:dropped":{"minecraft:iron_ingot":2,"minecraft:stripped_spruce_log":1,"minecraft:dark_oak_stairs":1,"minecraft:birch_planks":6,"minecraft:mossy_cobblestone":1,"minecraft:diamond":1,"minecraft:dripstone_block":26,"minecraft:dark_oak_slab":1,"minecraft:feather":2,"minecraft:cobblestone":11,"minecraft:apple":6,"minecraft:spruce_stairs":1,"minecraft:mushroom_stew":1,"minecraft:stick":5,"minecraft:dirt":11,"minecraft:gray_wool":2,"minecraft:diorite":7,"cctvcraft:piercing_bomb":3,"minecraft:wooden_axe":1,"minecraft:green_carpet":7,"minecraft:string":5,"minecraft:white_wool":2,"minecraft:bucket":1,"minecraft:gravel":1,"minecraft:cobbled_deepslate":1,"minecraft:bowl":1,"minecraft:raw_iron":7,"undead_revamp2:arapholia":1,"minecraft:rotten_flesh":41,"born_in_chaos_v1:smoked_flesh":16,"minecraft:light_gray_wool":1,"minecraft:spruce_trapdoor":2,"minecraft:andesite":9,"born_in_chaos_v1:corpse_maggot":12,"minecraft:chest":1,"minecraft:wooden_shovel":1,"born_in_chaos_v1:diamond_termite_shard":2,"minecraft:spruce_log":3,"minecraft:slime_ball":1,"minecraft:stone_pickaxe":1,"minecraft:black_wool":1},"minecraft:crafted":{"minecraft:wooden_sword":1,"born_in_chaos_v1:death_totem":1,"born_in_chaos_v1:spiny_shell_armor_chestplate":1,"minecraft:furnace":1,"cctvcraft:aluminum_ingot":4,"minecraft:bookshelf":11,"cctvcraft:metal_plate":4,"born_in_chaos_v1:spiny_shell_armor_helmet":1,"minecraft:diamond":1,"minecraft:iron_boots":2,"minecraft:leather":6,"minecraft:stone_pickaxe":3,"minecraft:chest":1,"sophisticatedbackpacks:iron_backpack":1,"minecraft:golden_axe":1,"cctvcraft:piercing_bomb":1,"minecraft:wooden_shovel":1,"sophisticatedbackpacks:backpack":1,"minecraft:cooked_porkchop":8,"minecraft:crafting_table":2,"minecraft:wooden_pickaxe":1,"minecraft:iron_helmet":1,"minecraft:iron_sword":1,"minecraft:bone":6,"sophisticatedbackpacks:gold_backpack":1,"minecraft:birch_planks":120,"minecraft:stone_axe":6,"minecraft:air":0,"minecraft:iron_chestplate":1,"minecraft:diamond_pickaxe":1,"minecraft:shield":4,"minecraft:stick":40,"minecraft:iron_ingot":46,"minecraft:iron_pickaxe":1,"minecraft:wooden_axe":2,"minecraft:gold_ingot":2,"minecraft:iron_leggings":2,"minecraft:white_bed":1,"minecraft:torch":8},"minecraft:broken":{"minecraft:iron_boots":1,"minecraft:iron_chestplate":1,"minecraft:iron_leggings":1,"minecraft:stone_pickaxe":1,"minecraft:shield":3,"minecraft:golden_axe":1,"minecraft:stone_axe":4,"minecraft:iron_sword":1,"minecraft:iron_helmet":1},"minecraft:killed":{"born_in_chaos_v1:zombie_clown":1,"minecraft:cave_spider":2,"born_in_chaos_v1:restless_spirit":3,"born_in_chaos_v1:zombie_lumberjack":1,"born_in_chaos_v1:door_knight_not_despawn":2,"minecraft:spider":7,"born_in_chaos_v1:thornshell_crab":1,"undead_revamp2:bomber":1,"born_in_chaos_v1:siamese_skeletonsright":1,"born_in_chaos_v1:maggot":19,"minecraft:skeleton":8,"arphex:blood_worm":3,"minecraft:chicken":1,"born_in_chaos_v1:corpse_fish":3,"born_in_chaos_v1:barrel_zombie":1,"born_in_chaos_v1:spiritof_chaos":1,"born_in_chaos_v1:bonescaller":1,"minecraft:pig":11,"born_in_chaos_v1:bone_imp_minion":1,"minecraft:zombie_villager":2,"born_in_chaos_v1:diamond_termite":5,"undead_revamp2:the_moonflower":5,"minecraft:creeper":2,"born_in_chaos_v1:decrepit_skeleton":7,"arphex:centipede_evictor_larvae":1,"minecraft:sheep":9,"born_in_chaos_v1:decaying_zombie":1,"minecraft:zombie":32,"born_in_chaos_v1:dread_hound":4,"born_in_chaos_v1:corpse_fly":4,"born_in_chaos_v1:nightmare_stalker":1,"minecraft:wither_skeleton":2,"born_in_chaos_v1:siamese_skeletonsleft":1},"minecraft:mined":{"minecraft:large_amethyst_bud":1,"minecraft:tuff":17,"minecraft:white_bed":3,"minecraft:mossy_cobblestone":8,"minecraft:deepslate_diamond_ore":4,"minecraft:dark_oak_log":5,"minecraft:chiseled_bookshelf":4,"minecraft:spruce_trapdoor":1,"cctvcraft:aluminum_ore":22,"minecraft:ladder":1,"minecraft:granite":4,"minecraft:grass_block":10,"minecraft:spawner":5,"minecraft:redstone_ore":4,"minecraft:furnace":4,"minecraft:iron_ore":37,"minecraft:fire":6,"minecraft:stripped_spruce_log":1,"minecraft:andesite":12,"minecraft:enchanting_table":1,"minecraft:dark_oak_stairs":1,"minecraft:bookshelf":11,"biomesoplenty:high_grass":2,"minecraft:deepslate_iron_ore":25,"minecraft:green_carpet":7,"minecraft:stone":83,"minecraft:spruce_slab":1,"minecraft:deepslate_redstone_ore":2,"minecraft:crafting_table":5,"minecraft:torch":1,"minecraft:rose_bush":13,"biomesoplenty:high_grass_plant":3,"minecraft:tall_grass":3,"minecraft:cobblestone":16,"minecraft:lapis_ore":5,"minecraft:deepslate_gold_ore":8,"minecraft:oak_planks":7,"minecraft:diorite":14,"minecraft:amethyst_block":1,"minecraft:spruce_stairs":1,"minecraft:birch_planks":14,"minecraft:dark_oak_slab":1,"minecraft:birch_log":47,"minecraft:spruce_log":3,"minecraft:birch_leaves":21,"minecraft:grass":17,"minecraft:coal_ore":11,"minecraft:gravel":5,"minecraft:dirt":10,"minecraft:cobweb":1,"minecraft:deepslate":49},"minecraft:picked_up":{"minecraft:wooden_axe":1,"minecraft:crafting_table":6,"born_in_chaos_v1:diamond_termite_shard":13,"born_in_chaos_v1:seedof_chaos":1,"minecraft:wooden_pickaxe":1,"minecraft:chain":1,"minecraft:string":20,"minecraft:wooden_sword":1,"minecraft:iron_leggings":1,"born_in_chaos_v1:intoxicating_decoction":4,"minecraft:beetroot":2,"minecraft:cobbled_deepslate":45,"minecraft:bucket":2,"born_in_chaos_v1:gnawed_bones":1,"cctvcraft:piercing_bomb":3,"minecraft:rose_bush":11,"minecraft:wooden_shovel":1,"minecraft:spruce_slab":1,"minecraft:light_gray_wool":1,"minecraft:chest":1,"minecraft:birch_sapling":1,"minecraft:spruce_trapdoor":2,"minecraft:furnace":5,"minecraft:stick":12,"minecraft:raw_iron":75,"born_in_chaos_v1:shattered_skull":1,"minecraft:torch":1,"minecraft:spruce_stairs":1,"minecraft:porkchop":16,"minecraft:diorite":12,"born_in_chaos_v1:nightmare_claw":2,"born_in_chaos_v1:pieceofdarkmetal":6,"minecraft:redstone":26,"minecraft:arrow":14,"minecraft:rotten_flesh":57,"born_in_chaos_v1:spiny_shell":19,"minecraft:mutton":15,"undead_revamp2:arapholia":1,"minecraft:white_wool":5,"minecraft:cobblestone":120,"minecraft:birch_log":54,"minecraft:enchanting_table":1,"born_in_chaos_v1:corpse_maggot":17,"minecraft:feather":2,"born_in_chaos_v1:monster_flesh":4,"born_in_chaos_v1:spiritual_dust":4,"minecraft:andesite":13,"minecraft:leather":1,"minecraft:birch_planks":35,"minecraft:mushroom_stew":1,"minecraft:flint":1,"minecraft:tuff":17,"minecraft:gunpowder":8,"minecraft:lapis_lazuli":43,"minecraft:dirt":25,"minecraft:lantern":1,"born_in_chaos_v1:monster_skin":3,"minecraft:bone":35,"minecraft:raw_gold":9,"minecraft:stone_pickaxe":1,"minecraft:iron_ingot":11,"born_in_chaos_v1:smoked_flesh":10,"minecraft:oak_planks":5,"minecraft:dark_oak_stairs":1,"cctvcraft:raw_aluminum":29,"minecraft:book":59,"minecraft:dark_oak_slab":1,"minecraft:cooked_porkchop":14,"minecraft:poisonous_potato":1,"born_in_chaos_v1:ethereal_spirit":23,"minecraft:gravel":3,"minecraft:dripstone_block":32,"minecraft:green_carpet":9,"minecraft:spider_eye":1,"minecraft:dark_oak_log":5,"minecraft:stripped_spruce_log":1,"minecraft:spruce_log":3,"minecraft:white_bed":6,"minecraft:fermented_spider_eye":1,"cctvcraft:aluminum_ingot":7,"minecraft:mossy_cobblestone":5,"minecraft:slime_ball":1,"minecraft:diamond":4,"minecraft:stone_axe":1,"minecraft:gray_wool":2,"born_in_chaos_v1:rotten_fish":4,"minecraft:black_wool":1,"minecraft:coal":60},"minecraft:custom":{"minecraft:mob_kills":165,"minecraft:interact_with_crafting_table":62,"minecraft:open_barrel":14,"minecraft:interact_with_campfire":8,"minecraft:damage_dealt_resisted":2663,"minecraft:leave_game":4,"minecraft:time_since_death":1957,"minecraft:climb_one_cm":1814,"minecraft:sprint_one_cm":592813,"minecraft:walk_one_cm":706192,"minecraft:damage_blocked_by_shield":10160,"minecraft:drop":83,"minecraft:play_noteblock":3,"minecraft:play_time":279828,"minecraft:deaths":102,"minecraft:sneak_time":15021,"minecraft:walk_under_water_one_cm":39915,"minecraft:interact_with_lectern":1,"minecraft:jump":4395,"minecraft:enchant_item":2,"minecraft:walk_on_water_one_cm":34569,"minecraft:total_world_time":279828,"minecraft:interact_with_furnace":44,"minecraft:tune_noteblock":2,"minecraft:sleep_in_bed":5,"minecraft:time_since_rest":2010,"minecraft:damage_taken":20028939,"minecraft:damage_dealt":27318,"minecraft:swim_one_cm":97288,"minecraft:fly_one_cm":691659,"minecraft:open_chest":17,"minecraft:crouch_one_cm":34691,"minecraft:fall_one_cm":152192},"minecraft:killed_by":{"minecraft:ghast":2,"minecraft:player":1,"born_in_chaos_v1:baby_skeleton_minion":1,"undead_revamp2:the_moonflower":5,"minecraft:wither_skeleton":2,"born_in_chaos_v1:nightmare_stalker":13,"minecraft:creeper":3,"minecraft:spider":1,"born_in_chaos_v1:corpse_fly":1,"born_in_chaos_v1:fallen_chaos_knight":3,"graveyard:skeleton_creeper":1,"undead_revamp2:clogger":1,"bwrtherain:vapor":2,"man:managgresive":2,"born_in_chaos_v1:bonescaller":1,"arphex:blood_worm":1,"apollyon:the_damned":1,"undead_revamp2:bomber":1,"arphex:long_legs_fly":2,"minecraft:skeleton":12,"arphex:centipede_evictor_larvae":1,"minecraft:zombie":4,"antlers:wendigo":19,"born_in_chaos_v1:scarlet_persecutor":2,"cave_dweller:cave_dweller":3,"born_in_chaos_v1:door_knight":1,"born_in_chaos_v1:dread_hound":2}},"DataVersion":3465}