{"stats":{"minecraft:killed_by":{"apollyon:the_damned":1,"minecraft:skeleton":3,"minecraft:zombie":1,"antlers:wendigo":5,"bwrtherain:vapor":2},"minecraft:custom":{"minecraft:interact_with_furnace":11,"minecraft:mob_kills":33,"minecraft:interact_with_crafting_table":6,"minecraft:open_barrel":6,"minecraft:damage_dealt_resisted":125,"minecraft:leave_game":1,"minecraft:time_since_death":3129,"minecraft:time_since_rest":3163,"minecraft:sprint_one_cm":148484,"minecraft:damage_taken":20004027,"minecraft:walk_one_cm":169795,"minecraft:damage_blocked_by_shield":990,"minecraft:drop":2,"minecraft:damage_dealt":4779,"minecraft:swim_one_cm":19440,"minecraft:fly_one_cm":168818,"minecraft:open_chest":9,"minecraft:crouch_one_cm":9246,"minecraft:play_time":60143,"minecraft:deaths":13,"minecraft:sneak_time":3692,"minecraft:walk_under_water_one_cm":3470,"minecraft:jump":1038,"minecraft:walk_on_water_one_cm":5485,"minecraft:total_world_time":60143,"minecraft:fall_one_cm":31137},"minecraft:mined":{"minecraft:crafting_table":2,"minecraft:grass_block":10,"minecraft:rose_bush":13,"biomesoplenty:high_grass_plant":3,"minecraft:tall_grass":3,"minecraft:spawner":3,"minecraft:furnace":1,"minecraft:birch_log":30,"minecraft:birch_leaves":12,"minecraft:grass":8,"minecraft:coal_ore":11,"biomesoplenty:high_grass":2,"minecraft:dirt":5,"minecraft:stone":25},"minecraft:crafted":{"minecraft:wooden_sword":1,"minecraft:wooden_shovel":1,"minecraft:cooked_porkchop":8,"minecraft:crafting_table":1,"minecraft:wooden_pickaxe":1,"minecraft:birch_planks":52,"minecraft:stone_axe":1,"minecraft:air":0,"minecraft:shield":1,"minecraft:stick":16,"minecraft:stone_pickaxe":1,"minecraft:wooden_axe":2},"minecraft:picked_up":{"minecraft:wooden_axe":1,"minecraft:birch_log":37,"born_in_chaos_v1:corpse_maggot":7,"minecraft:crafting_table":2,"minecraft:feather":1,"minecraft:wooden_pickaxe":1,"minecraft:birch_planks":10,"minecraft:dirt":21,"minecraft:wooden_sword":1,"minecraft:bone":5,"minecraft:iron_ingot":2,"minecraft:rose_bush":11,"minecraft:light_gray_wool":1,"minecraft:birch_sapling":1,"minecraft:furnace":1,"minecraft:stick":7,"minecraft:porkchop":16,"minecraft:arrow":4,"minecraft:rotten_flesh":10,"minecraft:slime_ball":1,"minecraft:gray_wool":2,"minecraft:black_wool":1,"minecraft:mutton":13,"minecraft:coal":11,"minecraft:white_wool":4,"minecraft:cobblestone":29},"minecraft:dropped":{"minecraft:wooden_axe":1,"born_in_chaos_v1:corpse_maggot":2},"minecraft:used":{"minecraft:rose_bush":11,"minecraft:stone_pickaxe":36,"minecraft:wooden_pickaxe":4,"minecraft:shield":14,"minecraft:wooden_shovel":8,"minecraft:dirt":8,"minecraft:crafting_table":2,"minecraft:wooden_axe":49,"minecraft:bread":2,"minecraft:birch_sapling":1,"minecraft:stone_axe":64,"minecraft:wooden_sword":10,"minecraft:cooked_porkchop":6,"minecraft:birch_log":1},"minecraft:killed":{"minecraft:pig":8,"born_in_chaos_v1:door_knight_not_despawn":1,"undead_revamp2:the_moonflower":1,"minecraft:spider":1,"undead_revamp2:bomber":1,"born_in_chaos_v1:decrepit_skeleton":2,"minecraft:sheep":8,"minecraft:skeleton":3,"minecraft:zombie":4,"minecraft:chicken":1,"born_in_chaos_v1:corpse_fly":2}},"DataVersion":3465}