{"stats":{"minecraft:broken":{"minecraft:iron_boots":3,"minecraft:iron_chestplate":1,"minecraft:iron_leggings":2,"minecraft:iron_sword":1,"minecraft:diamond_leggings":1,"minecraft:shield":4,"minecraft:iron_axe":4,"minecraft:iron_helmet":2,"born_in_chaos_v1:spiny_shell_armor_chestplate":1,"minecraft:iron_shovel":1,"born_in_chaos_v1:spiny_shell_armor_helmet":2,"minecraft:stone_pickaxe":1,"minecraft:stone_axe":7,"minecraft:golden_axe":1},"minecraft:killed_by":{"undead_revamp2:the_moonflower":6,"born_in_chaos_v1:nightmare_stalker":14,"minecraft:vindicator":1,"minecraft:zombie":7,"born_in_chaos_v1:scarlet_persecutor":2,"undead_revamp2:thepregnant":1,"born_in_chaos_v1:baby_skeleton_minion":1,"born_in_chaos_v1:bonescaller":1,"arphex:long_legs_fly":2,"endofherobrine:villager":3,"arphex:centipede_evictor_larvae":1,"cave_dweller:cave_dweller":3,"born_in_chaos_v1:dread_hound":2,"minecraft:ghast":2,"arphex:sun_scorpion":1,"minecraft:zombified_piglin":3,"minecraft:wither_skeleton":2,"minecraft:creeper":3,"born_in_chaos_v1:corpse_fly":1,"graveyard:skeleton_creeper":1,"undead_revamp2:clogger":1,"bwrtherain:vapor":4,"man:managgresive":5,"minecraft:piglin":1,"undead_revamp2:bomber":1,"minecraft:blaze":1,"antlers:wendigomad":1,"minecraft:player":16,"minecraft:spider":2,"born_in_chaos_v1:fallen_chaos_knight":3,"arphex:blood_worm":1,"apollyon:the_damned":4,"minecraft:skeleton":15,"antlers:wendigo":35,"born_in_chaos_v1:door_knight":1},"minecraft:used":{"minecraft:writable_book":1,"chiselsandbits:chiseled_block":1,"minecraft:chest":40,"minecraft:rotten_flesh":1,"cctvcraft:drone_controller":206,"minecraft:lava_bucket":51,"minecraft:villager_spawn_egg":16,"minecraft:birch_sapling":1,"minecraft:dark_oak_boat":1,"minecraft:furnace":10,"born_in_chaos_v1:spiny_shell_armor_helmet":2,"minecraft:diorite":5,"minecraft:blackstone":7,"minecraft:wooden_pickaxe":4,"minecraft:sand":1,"minecraft:gray_concrete":2,"minecraft:deepslate_iron_ore":2,"biomesoplenty:fir_stairs":18,"cgm:assault_rifle":3151,"minecraft:wooden_sword":10,"cctvcraft:solar_panel":3,"minecraft:birch_log":1,"cctvcraft:black_drone":11,"minecraft:enchanting_table":1,"minecraft:netherrack":53,"minecraft:torch":9,"born_in_chaos_v1:supreme_measure":1,"minecraft:iron_axe":911,"minecraft:diamond_chestplate":1,"minecraft:beef":3,"minecraft:cobbled_deepslate":24,"minecraft:golden_axe":26,"minecraft:water_bucket":76,"minecraft:birch_planks":4,"dixtas_armory:diamond_pike":66,"minecraft:mossy_cobblestone":3,"dixtas_armory:diamond_katana":252,"biomesoplenty:fir_slab":4,"minecraft:oak_slab":5,"minecraft:crafting_table":14,"minecraft:red_bed":1,"minecraft:white_bed":13,"toolleveling:tool_leveling_table":5,"minecraft:diamond_pickaxe":7838,"minecraft:diamond_shovel":308,"minecraft:iron_pickaxe":209,"enchantinginfuser:enchanting_infuser":2,"minecraft:cobblestone":98,"minecraft:cooked_porkchop":45,"biomesoplenty:fir_log":235,"minecraft:iron_shovel":254,"minecraft:shield":265,"minecraft:iron_sword":258,"minecraft:iron_chestplate":1,"minecraft:carrot":3,"minecraft:tuff":17,"minecraft:obsidian":32,"minecraft:lantern":1,"minecraft:iron_helmet":2,"minecraft:stone_pickaxe":156,"minecraft:oak_planks":20,"biomesoplenty:fir_planks":964,"minecraft:mushroom_stew":1,"cgm:bazooka":45,"minecraft:dripstone_block":6,"minecraft:shears":13,"minecraft:bread":17,"biomesoplenty:stripped_fir_log":1,"minecraft:andesite":4,"minecraft:experience_bottle":100,"minecraft:rose_bush":11,"minecraft:flint_and_steel":3,"undead_revamp2:blacpetalblock":1,"minecraft:wooden_shovel":67,"minecraft:dirt":95,"cgm:workbench":4,"minecraft:wooden_axe":49,"minecraft:bookshelf":50,"minecraft:oak_stairs":19,"minecraft:iron_boots":1,"minecraft:iron_leggings":1,"minecraft:cooked_mutton":11,"minecraft:light_gray_concrete_powder":8,"minecraft:stone_axe":642,"biomesoplenty:fir_door":4,"minecraft:bucket":128,"minecraft:yellow_bed":1,"antlers:sheep_corpse":1,"cctvcraft:drone_charger":1},"minecraft:mined":{"minecraft:white_bed":7,"minecraft:obsidian":364,"cctvcraft:aluminum_ore":183,"minecraft:granite":10,"minecraft:stone_brick_wall":11,"minecraft:nether_wart":19,"minecraft:spawner":5,"minecraft:magma_block":7,"cctvcraft:black_drone_on":2,"minecraft:fire":17,"minecraft:deepslate_lapis_ore":5,"minecraft:enchanting_table":2,"minecraft:dirt_path":47,"minecraft:oak_stairs":66,"minecraft:light_gray_concrete":5,"minecraft:green_carpet":7,"minecraft:red_bed":1,"minecraft:amethyst_cluster":1,"minecraft:soul_fire":1,"minecraft:torch":1,"minecraft:amethyst_block":1,"antlers:bloody_pig":4,"cctvcraft:black_drone":4,"minecraft:grass":83,"antlers:bloody_cow":3,"minecraft:deepslate":58,"minecraft:mossy_cobblestone":305,"minecraft:dark_oak_log":5,"antlers:bloody_fox":2,"minecraft:sea_lantern":1,"minecraft:crimson_roots":3,"minecraft:redstone_ore":4,"minecraft:andesite":26,"biomesoplenty:fir_door":1,"biomesoplenty:high_grass":2,"minecraft:cobblestone_slab":16,"minecraft:oak_slab":5,"minecraft:gray_concrete":5,"minecraft:glass_pane":1,"minecraft:hanging_roots":2,"minecraft:soul_sand":23,"minecraft:dandelion":1,"minecraft:cornflower":1,"minecraft:light_gray_concrete_powder":1,"biomesoplenty:fir_planks":44,"biomesoplenty:high_grass_plant":3,"endofherobrine:glowing_obsidian":16,"minecraft:tall_grass":4,"minecraft:copper_ore":29,"minecraft:deepslate_gold_ore":19,"endofherobrine:mossy_stone_bricks":34,"minecraft:diorite":28,"minecraft:spruce_log":3,"minecraft:birch_leaves":21,"minecraft:dark_oak_button":1,"minecraft:gravel":13,"minecraft:cobweb":2,"minecraft:gold_ore":6,"minecraft:fern":5,"minecraft:large_amethyst_bud":1,"cctvcraft:solar_panel":2,"minecraft:cobblestone_stairs":90,"minecraft:spruce_trapdoor":1,"minecraft:grass_block":352,"biomesoplenty:stripped_fir_log":1,"biomesoplenty:bramble_leaves":1,"minecraft:glowstone":20,"minecraft:iron_ore":94,"minecraft:dark_oak_stairs":1,"minecraft:spruce_slab":1,"minecraft:deepslate_redstone_ore":2,"minecraft:blackstone":59,"minecraft:poppy":1,"minecraft:chest":2,"minecraft:nether_quartz_ore":418,"minecraft:cobblestone":385,"minecraft:oak_planks":58,"minecraft:iron_door":1,"minecraft:dark_oak_slab":1,"minecraft:mossy_stone_brick_wall":2,"minecraft:birch_log":59,"minecraft:stripped_oak_wood":1,"biomesoplenty:fir_log":796,"minecraft:smooth_stone_slab":57,"biomesoplenty:clover":1,"minecraft:oak_log":30,"minecraft:sand":134,"minecraft:dirt":57,"minecraft:netherrack":5463,"minecraft:ancient_debris":68,"minecraft:nether_gold_ore":50,"minecraft:tuff":18,"minecraft:deepslate_diamond_ore":10,"minecraft:ladder":1,"minecraft:chiseled_bookshelf":4,"minecraft:sandstone":1,"cgm:workbench":1,"minecraft:furnace":6,"minecraft:stripped_spruce_log":1,"minecraft:bookshelf":11,"toolleveling:tool_leveling_table":5,"minecraft:deepslate_iron_ore":38,"biomesoplenty:fir_stairs":8,"minecraft:stone":171,"minecraft:oak_fence":3,"minecraft:crafting_table":7,"minecraft:rose_bush":13,"biomesoplenty:sprout":1,"biomesoplenty:huge_clover_petal":1,"minecraft:lapis_ore":5,"minecraft:spruce_stairs":1,"minecraft:birch_planks":19,"antlers:sheep_corpse":5,"minecraft:coal_ore":36,"minecraft:cracked_stone_bricks":3},"minecraft:crafted":{"minecraft:black_dye":4,"minecraft:light_gray_concrete_powder":8,"born_in_chaos_v1:death_totem":3,"dixtas_armory:diamond_pike":1,"born_in_chaos_v1:spiny_shell_armor_chestplate":1,"minecraft:diamond_shovel":1,"minecraft:bookshelf":17,"minecraft:glass":16,"minecraft:diamond_leggings":1,"minecraft:golden_axe":1,"cctvcraft:solar_cell":4,"minecraft:wooden_shovel":1,"minecraft:cooked_porkchop":8,"enchantinginfuser:enchanting_infuser":1,"minecraft:copper_ingot":126,"cctvcraft:solar_panel":1,"minecraft:iron_pickaxe":1,"minecraft:gold_ingot":56,"minecraft:light_gray_dye":3,"minecraft:netherite_ingot":17,"minecraft:iron_nugget":36,"cctvcraft:copper_wire":4,"minecraft:bone_meal":3,"cctvcraft:metal_plate":72,"born_in_chaos_v1:spiny_shell_armor_helmet":2,"minecraft:diamond":1,"minecraft:stone_pickaxe":3,"minecraft:diamond_boots":1,"minecraft:dark_oak_planks":16,"cctvcraft:drone_charger":1,"toolleveling:tool_leveling_table":1,"minecraft:enchanting_table":1,"cctvcraft:motor":4,"cctvcraft:display":2,"sophisticatedbackpacks:gold_backpack":1,"minecraft:bone":6,"minecraft:wooden_axe":2,"minecraft:iron_shovel":1,"minecraft:iron_leggings":2,"minecraft:white_bed":1,"cctvcraft:black_drone":1,"dixtas_armory:diamond_katana":1,"minecraft:oak_planks":60,"cctvcraft:metal_wire":4,"minecraft:dark_oak_boat":1,"cctvcraft:wooden_board":32,"minecraft:iron_boots":2,"biomesoplenty:fir_slab":6,"minecraft:chest":48,"minecraft:oak_slab":6,"cctvcraft:piercing_bomb":1,"sophisticatedbackpacks:backpack":1,"minecraft:crafting_table":6,"minecraft:wooden_pickaxe":1,"minecraft:iron_helmet":1,"cctvcraft:antenna":1,"cctvcraft:drone_blade":4,"minecraft:birch_planks":168,"biomesoplenty:fir_planks":1784,"minecraft:iron_chestplate":1,"minecraft:diamond_pickaxe":1,"minecraft:shield":5,"minecraft:stick":68,"minecraft:iron_ingot":148,"minecraft:shears":1,"biomesoplenty:fir_door":3,"biomesoplenty:fir_stairs":28,"minecraft:wooden_sword":1,"dixtas_armory:pole":2,"minecraft:furnace":3,"cctvcraft:aluminum_ingot":68,"minecraft:flint_and_steel":1,"minecraft:leather":6,"minecraft:iron_axe":4,"minecraft:netherite_scrap":68,"cgm:workbench":1,"sophisticatedbackpacks:iron_backpack":1,"minecraft:cooked_beef":5,"minecraft:red_dye":1,"minecraft:iron_sword":1,"minecraft:stone_axe":8,"born_in_chaos_v1:bone_heart":4,"minecraft:air":0,"minecraft:bread":4,"minecraft:white_dye":3,"cctvcraft:drone_controller":1,"cctvcraft:hand_saw":1,"minecraft:torch":8,"minecraft:diamond_chestplate":1},"minecraft:custom":{"minecraft:interact_with_crafting_table":141,"minecraft:open_barrel":32,"minecraft:leave_game":15,"minecraft:time_since_death":12191,"minecraft:damage_blocked_by_shield":15651,"minecraft:play_time":776820,"minecraft:deaths":192,"minecraft:jump":10884,"minecraft:enchant_item":19,"minecraft:interact_with_furnace":171,"minecraft:sleep_in_bed":13,"minecraft:damage_dealt":50335,"minecraft:damage_dealt_absorbed":77,"minecraft:sneak_time":38327,"minecraft:interact_with_lectern":1,"minecraft:total_world_time":776820,"minecraft:tune_noteblock":14,"minecraft:time_since_rest":12233,"minecraft:swim_one_cm":203062,"minecraft:fly_one_cm":2575083,"minecraft:open_chest":105,"minecraft:fall_one_cm":391838,"minecraft:damage_resisted":63,"minecraft:sprint_one_cm":1434491,"minecraft:drop":312,"minecraft:play_noteblock":4,"minecraft:talked_to_villager":5,"minecraft:walk_on_water_one_cm":92732,"minecraft:player_kills":10,"minecraft:crouch_one_cm":107776,"minecraft:mob_kills":650,"minecraft:interact_with_campfire":16,"minecraft:damage_dealt_resisted":4634,"minecraft:climb_one_cm":4846,"minecraft:walk_one_cm":2103008,"minecraft:raid_win":1,"minecraft:walk_under_water_one_cm":101792,"minecraft:boat_one_cm":16559,"minecraft:raid_trigger":1,"minecraft:damage_taken":49030125},"minecraft:picked_up":{"minecraft:iron_chestplate":1,"cgm:basic_bullet":2324,"minecraft:oak_stairs":66,"minecraft:wither_rose":7,"minecraft:golden_sword":1,"minecraft:polished_deepslate":1,"minecraft:string":37,"minecraft:beetroot":2,"dixtas_armory:diamond_pike":1,"cctvcraft:black_drone":7,"minecraft:diamond_leggings":2,"minecraft:gold_nugget":272,"minecraft:cobbled_deepslate":57,"cctvcraft:piercing_bomb":4,"born_in_chaos_v1:shattered_skull":3,"born_in_chaos_v1:pileof_dark_metal":1,"minecraft:stone_sword":1,"biomesoplenty:rose_quartz_chunk":2,"minecraft:blaze_rod":2,"minecraft:birch_log":66,"minecraft:feather":2,"minecraft:cooked_beef":5,"born_in_chaos_v1:spiritual_dust":4,"minecraft:water_bucket":1,"biomesoplenty:fir_log":822,"minecraft:flint":1,"biomesoplenty:fir_stairs":8,"minecraft:gray_concrete":8,"minecraft:lantern":5,"minecraft:light_gray_concrete_powder":1,"chiselsandbits:chiseled_block":3,"undead_revamp2:blacpetalblock":1,"minecraft:glowstone_dust":57,"minecraft:stripped_spruce_log":1,"minecraft:ink_sac":3,"minecraft:fermented_spider_eye":1,"minecraft:dark_oak_log":7,"minecraft:barrel":2,"undead_revamp2:heavytooth":3,"born_in_chaos_v1:supreme_measure":1,"minecraft:deepslate":62,"minecraft:writable_book":1,"minecraft:deepslate_gold_ore":2,"enchantinginfuser:enchanting_infuser":1,"minecraft:granite":6,"minecraft:bread":2,"born_in_chaos_v1:rotten_fish":4,"minecraft:crimson_roots":3,"minecraft:diamond_pickaxe":2,"minecraft:crafting_table":8,"minecraft:nether_wart":20,"minecraft:clay_ball":3,"born_in_chaos_v1:seedof_chaos":7,"minecraft:cornflower":1,"minecraft:red_bed":1,"biomesoplenty:fir_door":1,"born_in_chaos_v1:intoxicating_decoction":8,"minecraft:beef":5,"born_in_chaos_v1:gnawed_bones":1,"minecraft:poppy":1,"minecraft:spruce_slab":1,"cgm:bazooka":1,"minecraft:chest":3,"minecraft:birch_sapling":1,"minecraft:egg":1,"minecraft:sandstone":1,"minecraft:oak_door":2,"minecraft:fire_charge":2,"minecraft:white_dye":7,"born_in_chaos_v1:pieceofdarkmetal":8,"minecraft:carrot":1,"minecraft:redstone":26,"minecraft:prismarine_crystals":5,"dixtas_armory:diamond_katana":1,"minecraft:diamond_chestplate":1,"minecraft:diamond_boots":1,"minecraft:hay_block":1,"born_in_chaos_v1:spiny_shell":20,"minecraft:gold_ingot":68,"cctvcraft:solar_panel":2,"sophisticatedbackpacks:copper_backpack":1,"minecraft:polished_blackstone":1,"minecraft:mutton":22,"minecraft:white_wool":15,"minecraft:oxeye_daisy":1,"born_in_chaos_v1:monster_flesh":11,"born_in_chaos_v1:pumpkin_staff":1,"minecraft:oak_log":34,"minecraft:ancient_debris":68,"minecraft:white_banner":1,"biomesoplenty:stripped_fir_log":1,"born_in_chaos_v1:smoked_flesh":10,"minecraft:stone_pickaxe":1,"cctvcraft:raw_aluminum":497,"minecraft:dark_oak_stairs":1,"minecraft:dark_oak_slab":1,"born_in_chaos_v1:ethereal_spirit":25,"minecraft:gravel":13,"minecraft:spruce_log":3,"minecraft:slime_ball":1,"minecraft:stone_axe":1,"minecraft:gray_wool":3,"minecraft:black_carpet":24,"minecraft:potion":1,"minecraft:nether_brick":8,"born_in_chaos_v1:bloody_gadfly_eye":2,"born_in_chaos_v1:holiday_candy":2,"minecraft:raw_copper":223,"minecraft:smooth_stone_slab":26,"minecraft:iron_leggings":1,"antlers:sheep_corpse":2,"biomesoplenty:fir_planks":51,"minecraft:bucket":2,"minecraft:rose_bush":11,"minecraft:calcite":1,"minecraft:wooden_shovel":1,"born_in_chaos_v1:stimulating_decoction":4,"minecraft:deepslate_iron_ore":2,"minecraft:iron_boots":1,"minecraft:furnace":7,"biomesoplenty:rose_quartz_block":3,"minecraft:stick":21,"minecraft:deepslate_brick_wall":9,"minecraft:oak_fence":3,"minecraft:torch":5,"minecraft:spruce_stairs":1,"minecraft:porkchop":34,"cctvcraft:drone_controller":2,"minecraft:diorite":25,"born_in_chaos_v1:nightmare_claw":2,"minecraft:rotten_flesh":262,"toolleveling:tool_leveling_table":5,"minecraft:obsidian":365,"undead_revamp2:arapholia":4,"minecraft:cobblestone":475,"minecraft:enchanting_table":2,"minecraft:andesite":28,"minecraft:tuff":77,"minecraft:wither_skeleton_skull":1,"minecraft:lapis_lazuli":343,"minecraft:dirt":517,"born_in_chaos_v1:monster_skin":11,"minecraft:bone":77,"minecraft:wheat_seeds":9,"minecraft:raw_gold":41,"minecraft:oak_planks":58,"biomesoplenty:toadstool":4,"minecraft:cooked_porkchop":37,"minecraft:poisonous_potato":1,"minecraft:sand":134,"minecraft:mossy_cobblestone":145,"minecraft:light_gray_concrete":7,"born_in_chaos_v1:fire_dust":5,"minecraft:diamond":48,"minecraft:polished_blackstone_button":4,"minecraft:bone_meal":1,"minecraft:emerald":7,"minecraft:oak_sapling":3,"minecraft:netherrack":605,"born_in_chaos_v1:diamond_termite_shard":13,"minecraft:wooden_pickaxe":1,"minecraft:stone_brick_wall":4,"minecraft:chain":2,"minecraft:iron_axe":3,"minecraft:wooden_sword":1,"minecraft:blackstone":28,"minecraft:light_gray_wool":1,"minecraft:lectern":1,"minecraft:sugar_cane":2,"minecraft:spruce_trapdoor":2,"minecraft:raw_iron":237,"minecraft:copper_ingot":5,"minecraft:dark_oak_planks":5,"minecraft:arrow":18,"cgm:assault_rifle":1,"minecraft:stripped_dark_oak_wood":4,"minecraft:saddle":2,"born_in_chaos_v1:fused_bone":4,"born_in_chaos_v1:corpse_maggot":29,"minecraft:dark_oak_button":2,"minecraft:glow_ink_sac":6,"minecraft:leather":17,"minecraft:birch_planks":43,"minecraft:mushroom_stew":1,"cgm:missile":18,"minecraft:yellow_bed":1,"minecraft:gunpowder":23,"minecraft:cobblestone_stairs":50,"minecraft:cooked_mutton":11,"minecraft:gray_carpet":6,"minecraft:iron_ingot":16,"arphex:burning_glands":1,"minecraft:stripped_oak_wood":1,"minecraft:soul_sand":38,"minecraft:book":80,"minecraft:oak_slab":9,"born_in_chaos_v1:lifestealer_bone":3,"minecraft:quartz":172,"minecraft:dandelion":1,"minecraft:dripstone_block":32,"born_in_chaos_v1:dark_rod":1,"minecraft:amethyst_shard":4,"minecraft:white_bed":12,"minecraft:green_carpet":17,"cctvcraft:aluminum_ingot":7,"minecraft:spider_eye":8,"undead_revamp2:rawbostrox":3,"minecraft:pumpkin_seeds":48,"minecraft:iron_helmet":1,"minecraft:black_wool":1,"cgm:workbench":2,"minecraft:coal":125,"minecraft:wooden_axe":1},"minecraft:dropped":{"biomesoplenty:fir_log":1,"minecraft:diamond":1,"minecraft:dark_oak_slab":1,"minecraft:dark_oak_button":2,"minecraft:dirt":283,"minecraft:gray_concrete":7,"biomesoplenty:rose_quartz_block":3,"minecraft:gold_nugget":49,"minecraft:bone_meal":1,"minecraft:sand":1,"born_in_chaos_v1:death_totem":1,"cctvcraft:black_drone":1,"minecraft:white_wool":12,"minecraft:bone":9,"biomesoplenty:toadstool":4,"cctvcraft:drone_controller":4,"minecraft:cobbled_deepslate":9,"minecraft:black_carpet":24,"minecraft:wheat":1,"minecraft:obsidian":133,"undead_revamp2:arapholia":4,"minecraft:rotten_flesh":216,"born_in_chaos_v1:smoked_flesh":16,"minecraft:oak_planks":37,"minecraft:glass":3,"minecraft:beef":2,"minecraft:egg":1,"minecraft:iron_ingot":11,"minecraft:wheat_seeds":9,"minecraft:polished_blackstone":1,"minecraft:deepslate_brick_wall":9,"minecraft:dripstone_block":26,"minecraft:oak_fence":3,"minecraft:feather":2,"minecraft:cobblestone":97,"minecraft:apple":6,"minecraft:granite":2,"antlers:sheep_corpse":3,"minecraft:polished_blackstone_button":4,"minecraft:mushroom_stew":1,"minecraft:coal":1,"minecraft:oxeye_daisy":1,"minecraft:gray_wool":3,"minecraft:wooden_axe":1,"minecraft:oak_stairs":47,"biomesoplenty:fir_door":1,"minecraft:white_banner":1,"minecraft:string":7,"biomesoplenty:fir_stairs":4,"minecraft:gray_carpet":6,"minecraft:smooth_stone_slab":26,"minecraft:bowl":1,"minecraft:light_gray_concrete":4,"minecraft:hay_block":1,"minecraft:spruce_trapdoor":2,"minecraft:diamond_pickaxe":2,"minecraft:wooden_shovel":2,"minecraft:barrel":2,"minecraft:sandstone":1,"minecraft:black_wool":1,"minecraft:birch_planks":12,"minecraft:dark_oak_stairs":1,"minecraft:leather":3,"biomesoplenty:rose_quartz_chunk":2,"minecraft:cobblestone_stairs":50,"dixtas_armory:diamond_katana":1,"minecraft:cornflower":1,"minecraft:mutton":4,"minecraft:crimson_roots":3,"minecraft:stripped_oak_wood":1,"minecraft:gold_ingot":40,"minecraft:gravel":4,"minecraft:blackstone":21,"minecraft:gunpowder":19,"born_in_chaos_v1:corpse_maggot":17,"minecraft:stone_brick_wall":4,"minecraft:chest":1,"born_in_chaos_v1:diamond_termite_shard":2,"minecraft:arrow":20,"minecraft:quartz":128,"minecraft:light_gray_concrete_powder":1,"minecraft:netherrack":414,"minecraft:water_bucket":1,"minecraft:stripped_spruce_log":1,"minecraft:oak_slab":10,"minecraft:mossy_cobblestone":4,"minecraft:bookshelf":1,"minecraft:diamond_leggings":1,"minecraft:spruce_stairs":1,"biomesoplenty:fir_slab":2,"minecraft:stick":16,"minecraft:diorite":18,"minecraft:torch":4,"cctvcraft:piercing_bomb":3,"minecraft:green_carpet":17,"minecraft:wither_rose":5,"minecraft:bucket":1,"minecraft:dandelion":1,"minecraft:polished_deepslate":1,"minecraft:tuff":60,"minecraft:raw_iron":45,"minecraft:light_gray_wool":1,"minecraft:diamond_chestplate":1,"minecraft:andesite":14,"minecraft:oak_sapling":3,"minecraft:golden_sword":1,"minecraft:slime_ball":1,"minecraft:diamond_boots":1,"minecraft:spruce_log":3,"chiselsandbits:chiseled_block":2,"minecraft:stone_pickaxe":1,"born_in_chaos_v1:supreme_measure":1},"minecraft:killed":{"minecraft:cave_spider":2,"born_in_chaos_v1:restless_spirit":4,"born_in_chaos_v1:zombie_lumberjack":4,"born_in_chaos_v1:door_knight_not_despawn":2,"born_in_chaos_v1:siamese_skeletonsright":4,"undead_revamp2:theswarmer":2,"minecraft:skeleton":27,"minecraft:chicken":2,"arphex:ant_arsonist":1,"undead_revamp2:thepregnant":1,"antlers:wendigo":6,"minecraft:magma_cube":1,"arphex:spider_larvae_tiny":6,"man:managgresive":1,"born_in_chaos_v1:bone_imp":7,"undead_revamp2:theheavy":2,"bwrtherain:spider_skull":5,"arphex:centipede_evictor_larvae":1,"minecraft:pillager":17,"minecraft:zombie":83,"born_in_chaos_v1:corpse_fly":11,"minecraft:cow":3,"undead_revamp2:thehunter":1,"minecraft:vindicator":5,"undead_revamp2:bomber":5,"born_in_chaos_v1:thornshell_crab":1,"born_in_chaos_v1:firelight":4,"minecraft:horse":1,"undead_revamp2:thebidy":1,"born_in_chaos_v1:barrel_zombie":2,"born_in_chaos_v1:spiritof_chaos":1,"minecraft:husk":1,"born_in_chaos_v1:bone_imp_minion":1,"undead_revamp2:the_moonflower":31,"minecraft:ravager":2,"born_in_chaos_v1:decrepit_skeleton":16,"born_in_chaos_v1:bloody_gadfly":1,"born_in_chaos_v1:lifestealer_true_form":1,"born_in_chaos_v1:zombie_clown":1,"endofherobrine:silverfish":16,"minecraft:zombified_piglin":71,"graveyard:skeleton_creeper":1,"minecraft:spider":23,"undead_revamp2:thesmoker":8,"undead_revamp2:therod":3,"minecraft:piglin":3,"born_in_chaos_v1:bonescaller":1,"minecraft:pig":19,"minecraft:zombie_villager":2,"born_in_chaos_v1:diamond_termite":5,"minecraft:creeper":22,"minecraft:sheep":17,"born_in_chaos_v1:dread_hound":7,"minecraft:ghast":1,"cave_dweller:cave_dweller":1,"apollyon:the_damned":9,"born_in_chaos_v1:siamese_skeletonsleft":4,"minecraft:blaze":4,"endofherobrine:herobrine":1,"arphex:spider_brood":1,"undead_revamp2:thegliter":2,"born_in_chaos_v1:zombie_bruiser":2,"born_in_chaos_v1:maggot":38,"arphex:blood_worm":3,"born_in_chaos_v1:corpse_fish":9,"born_in_chaos_v1:mr_pumpkin_controlled":1,"born_in_chaos_v1:fallen_chaos_knight":1,"endofherobrine:villager":2,"born_in_chaos_v1:swarmer":1,"minecraft:squid":2,"born_in_chaos_v1:decaying_zombie":1,"born_in_chaos_v1:nightmare_stalker":3,"endofherobrine:sheep":4,"minecraft:wither_skeleton":17,"minecraft:villager":2}},"DataVersion":3465}