{"stats":{"minecraft:killed_by":{"apollyon:the_damned":1,"minecraft:skeleton":4,"minecraft:zombie":2,"antlers:wendigo":11,"born_in_chaos_v1:dread_hound":1,"undead_revamp2:clogger":1,"bwrtherain:vapor":2},"minecraft:custom":{"minecraft:interact_with_furnace":11,"minecraft:mob_kills":36,"minecraft:interact_with_crafting_table":10,"minecraft:open_barrel":13,"minecraft:interact_with_campfire":8,"minecraft:damage_dealt_resisted":125,"minecraft:leave_game":2,"minecraft:time_since_death":21648,"minecraft:sleep_in_bed":5,"minecraft:climb_one_cm":1814,"minecraft:time_since_rest":6770,"minecraft:sprint_one_cm":226558,"minecraft:damage_taken":20007065,"minecraft:walk_one_cm":234610,"minecraft:damage_blocked_by_shield":1290,"minecraft:drop":7,"minecraft:damage_dealt":5493,"minecraft:swim_one_cm":60069,"minecraft:fly_one_cm":273815,"minecraft:open_chest":11,"minecraft:crouch_one_cm":12830,"minecraft:play_time":87348,"minecraft:deaths":26,"minecraft:sneak_time":4875,"minecraft:walk_under_water_one_cm":13342,"minecraft:interact_with_lectern":1,"minecraft:jump":1595,"minecraft:walk_on_water_one_cm":12151,"minecraft:total_world_time":87348,"minecraft:fall_one_cm":52538},"minecraft:mined":{"minecraft:large_amethyst_bud":1,"minecraft:white_bed":1,"minecraft:mossy_cobblestone":3,"minecraft:ladder":1,"minecraft:crafting_table":2,"cctvcraft:aluminum_ore":8,"minecraft:grass_block":10,"minecraft:rose_bush":13,"biomesoplenty:high_grass_plant":3,"minecraft:tall_grass":3,"minecraft:amethyst_block":1,"minecraft:spawner":3,"minecraft:furnace":1,"minecraft:birch_log":30,"minecraft:iron_ore":2,"minecraft:birch_leaves":21,"minecraft:grass":9,"minecraft:bookshelf":11,"minecraft:coal_ore":11,"biomesoplenty:high_grass":2,"minecraft:dirt":5,"minecraft:stone":28},"minecraft:crafted":{"minecraft:wooden_sword":1,"minecraft:wooden_shovel":1,"minecraft:cooked_porkchop":8,"minecraft:crafting_table":1,"minecraft:wooden_pickaxe":1,"minecraft:birch_planks":52,"minecraft:stone_axe":2,"minecraft:air":0,"minecraft:shield":1,"minecraft:stick":16,"minecraft:stone_pickaxe":1,"minecraft:wooden_axe":2,"minecraft:white_bed":1},"minecraft:picked_up":{"minecraft:wooden_axe":1,"minecraft:birch_log":37,"born_in_chaos_v1:corpse_maggot":7,"minecraft:crafting_table":2,"minecraft:feather":1,"minecraft:wooden_pickaxe":1,"minecraft:birch_planks":13,"minecraft:string":1,"minecraft:dirt":21,"minecraft:wooden_sword":1,"minecraft:bone":10,"minecraft:iron_ingot":2,"minecraft:rose_bush":11,"minecraft:light_gray_wool":1,"minecraft:birch_sapling":1,"cctvcraft:raw_aluminum":7,"minecraft:furnace":1,"minecraft:book":33,"minecraft:raw_iron":4,"minecraft:stick":7,"minecraft:cooked_porkchop":8,"minecraft:porkchop":16,"minecraft:white_bed":4,"minecraft:mossy_cobblestone":3,"minecraft:arrow":8,"minecraft:rotten_flesh":14,"minecraft:slime_ball":1,"minecraft:stone_axe":1,"minecraft:gray_wool":2,"born_in_chaos_v1:spiny_shell":1,"minecraft:black_wool":1,"minecraft:mutton":15,"minecraft:coal":11,"minecraft:white_wool":5,"minecraft:cobblestone":39},"minecraft:dropped":{"minecraft:raw_iron":2,"minecraft:light_gray_wool":1,"minecraft:dirt":7,"minecraft:wooden_axe":1,"born_in_chaos_v1:corpse_maggot":2,"minecraft:black_wool":1},"minecraft:used":{"minecraft:rose_bush":11,"minecraft:stone_pickaxe":64,"minecraft:wooden_pickaxe":4,"minecraft:shield":16,"minecraft:wooden_shovel":8,"minecraft:mossy_cobblestone":3,"minecraft:dirt":8,"minecraft:crafting_table":3,"minecraft:white_bed":4,"minecraft:wooden_axe":49,"minecraft:bread":6,"minecraft:birch_sapling":1,"minecraft:cobblestone":8,"minecraft:stone_axe":90,"minecraft:wooden_sword":10,"minecraft:furnace":1,"minecraft:cooked_porkchop":6,"minecraft:birch_log":1},"minecraft:killed":{"minecraft:pig":8,"born_in_chaos_v1:door_knight_not_despawn":1,"undead_revamp2:the_moonflower":1,"minecraft:spider":2,"undead_revamp2:bomber":1,"born_in_chaos_v1:decrepit_skeleton":3,"minecraft:sheep":9,"minecraft:skeleton":3,"minecraft:zombie":4,"minecraft:chicken":1,"born_in_chaos_v1:corpse_fly":2}},"DataVersion":3465}