{"stats":{"minecraft:killed_by":{"bwrtherain:vapor":1,"antlers:wendigo":4},"minecraft:custom":{"minecraft:time_since_rest":7124,"minecraft:crouch_one_cm":2932,"minecraft:sprint_one_cm":34896,"minecraft:play_time":24143,"minecraft:walk_one_cm":55032,"minecraft:damage_taken":10001175,"minecraft:deaths":5,"minecraft:sneak_time":1018,"minecraft:walk_under_water_one_cm":282,"minecraft:mob_kills":2,"minecraft:jump":274,"minecraft:damage_dealt":146,"minecraft:leave_game":1,"minecraft:walk_on_water_one_cm":208,"minecraft:time_since_death":6568,"minecraft:total_world_time":24143,"minecraft:interact_with_crafting_table":2,"minecraft:fall_one_cm":9336,"minecraft:fly_one_cm":37334},"minecraft:mined":{"minecraft:grass":2,"minecraft:rose_bush":13,"minecraft:birch_log":14,"minecraft:birch_leaves":4},"minecraft:crafted":{"minecraft:wooden_sword":1,"minecraft:birch_planks":16,"minecraft:stick":8,"minecraft:wooden_pickaxe":1,"minecraft:wooden_axe":1},"minecraft:picked_up":{"minecraft:birch_log":12,"born_in_chaos_v1:corpse_maggot":2,"minecraft:stick":2,"minecraft:rose_bush":11,"minecraft:birch_sapling":1},"minecraft:used":{"minecraft:wooden_axe":10,"minecraft:rose_bush":11,"minecraft:wooden_sword":7,"minecraft:birch_sapling":1,"minecraft:birch_log":1},"minecraft:killed":{"minecraft:zombie":1,"born_in_chaos_v1:corpse_fly":1}},"DataVersion":3465}