{"stats":{"minecraft:used":{"minecraft:cooked_mutton":1,"minecraft:iron_shovel":5,"minecraft:birch_planks":22,"minecraft:iron_axe":14,"minecraft:birch_sapling":1,"minecraft:iron_pickaxe":8,"minecraft:cooked_chicken":1,"minecraft:shield":2,"minecraft:iron_sword":86,"born_in_chaos_v1:marigolds":1,"minecraft:cooked_salmon":2,"minecraft:salmon":8,"minecraft:iron_chestplate":1,"minecraft:cobblestone":13,"minecraft:crafting_table":1,"minecraft:cooked_beef":7},"minecraft:dropped":{"minecraft:wheat_seeds":1,"minecraft:cooked_beef":4,"minecraft:cooked_salmon":1,"minecraft:rotten_flesh":3},"minecraft:crafted":{"minecraft:cooked_beef":7,"minecraft:iron_chestplate":1,"minecraft:shield":1,"minecraft:iron_axe":1,"minecraft:crafting_table":1,"minecraft:cooked_chicken":1,"born_in_chaos_v1:spiny_shell_armor_chestplate":1,"minecraft:stick":12,"minecraft:iron_ingot":30,"minecraft:iron_pickaxe":1,"minecraft:iron_sword":1,"minecraft:iron_shovel":1,"minecraft:cooked_salmon":3,"minecraft:birch_planks":80,"minecraft:cooked_mutton":1},"minecraft:killed":{"minecraft:sheep":1,"minecraft:skeleton":1,"minecraft:zombie":1,"minecraft:chicken":1,"minecraft:salmon":11,"undead_revamp2:the_moonflower":1,"minecraft:spider":1},"minecraft:mined":{"minecraft:seagrass":1,"minecraft:tall_seagrass":1,"born_in_chaos_v1:marigolds":1,"minecraft:birch_log":21,"minecraft:birch_leaves":1,"biomesoplenty:clover":12,"minecraft:grass":13,"minecraft:cobblestone":8,"biomesoplenty:huge_clover_petal":14,"minecraft:fern":3},"minecraft:picked_up":{"minecraft:birch_log":20,"minecraft:stick":2,"minecraft:cooked_beef":4,"minecraft:chicken":1,"minecraft:salmon":11,"born_in_chaos_v1:marigolds":1,"minecraft:bone":1,"minecraft:arrow":2,"minecraft:rotten_flesh":3,"undead_revamp2:blacpetalblock":1,"minecraft:wheat_seeds":1,"born_in_chaos_v1:spiny_shell":14,"minecraft:light_gray_wool":1,"minecraft:mutton":1,"minecraft:birch_sapling":1,"minecraft:cobblestone":15},"minecraft:custom":{"minecraft:time_since_rest":1511,"minecraft:interact_with_furnace":17,"minecraft:sprint_one_cm":86787,"minecraft:damage_taken":1698,"minecraft:walk_one_cm":92315,"minecraft:damage_blocked_by_shield":60,"minecraft:mob_kills":18,"minecraft:drop":9,"minecraft:damage_dealt":1553,"minecraft:open_chest":1,"minecraft:interact_with_crafting_table":14,"minecraft:swim_one_cm":12042,"minecraft:fly_one_cm":94136,"minecraft:crouch_one_cm":546,"minecraft:play_time":27544,"minecraft:deaths":3,"minecraft:sneak_time":122,"minecraft:walk_under_water_one_cm":14119,"minecraft:damage_dealt_resisted":274,"minecraft:jump":518,"minecraft:walk_on_water_one_cm":8915,"minecraft:time_since_death":1479,"minecraft:climb_one_cm":48,"minecraft:total_world_time":27544,"minecraft:fall_one_cm":13529},"minecraft:killed_by":{"man:managgresive":1,"born_in_chaos_v1:nightmare_stalker":1,"antlers:wendigo":1}},"DataVersion":3465}