{"stats":{"minecraft:used":{"minecraft:iron_shovel":5,"minecraft:iron_axe":14,"minecraft:birch_sapling":1,"minecraft:shield":1,"minecraft:iron_sword":53,"born_in_chaos_v1:marigolds":1,"minecraft:salmon":8,"minecraft:iron_chestplate":1,"minecraft:crafting_table":1,"minecraft:cooked_beef":4},"minecraft:dropped":{"minecraft:wheat_seeds":1},"minecraft:crafted":{"minecraft:iron_chestplate":1,"minecraft:shield":1,"minecraft:iron_axe":1,"minecraft:crafting_table":1,"minecraft:stick":12,"minecraft:iron_ingot":30,"minecraft:iron_pickaxe":1,"minecraft:iron_sword":1,"minecraft:iron_shovel":1,"minecraft:birch_planks":80},"minecraft:killed":{"minecraft:skeleton":1,"minecraft:salmon":11,"minecraft:spider":1},"minecraft:mined":{"minecraft:seagrass":1,"minecraft:tall_seagrass":1,"born_in_chaos_v1:marigolds":1,"minecraft:birch_log":21,"minecraft:birch_leaves":1,"biomesoplenty:clover":12,"minecraft:grass":8,"biomesoplenty:huge_clover_petal":14},"minecraft:picked_up":{"minecraft:birch_log":20,"minecraft:stick":2,"minecraft:cooked_beef":4,"minecraft:salmon":11,"born_in_chaos_v1:marigolds":1,"minecraft:bone":1,"minecraft:arrow":2,"minecraft:wheat_seeds":1,"born_in_chaos_v1:spiny_shell":14,"minecraft:birch_sapling":1},"minecraft:custom":{"minecraft:time_since_rest":15544,"minecraft:interact_with_furnace":5,"minecraft:sprint_one_cm":68373,"minecraft:damage_taken":340,"minecraft:walk_one_cm":30996,"minecraft:damage_blocked_by_shield":30,"minecraft:mob_kills":13,"minecraft:drop":1,"minecraft:damage_dealt":670,"minecraft:interact_with_crafting_table":7,"minecraft:swim_one_cm":12042,"minecraft:fly_one_cm":69700,"minecraft:crouch_one_cm":508,"minecraft:play_time":15544,"minecraft:sneak_time":114,"minecraft:walk_under_water_one_cm":13881,"minecraft:jump":303,"minecraft:walk_on_water_one_cm":8870,"minecraft:time_since_death":15544,"minecraft:total_world_time":15544,"minecraft:fall_one_cm":8911}},"DataVersion":3465}