{"stats":{"minecraft:used":{"minecraft:cooked_mutton":1,"minecraft:water_bucket":5,"minecraft:iron_shovel":7,"minecraft:birch_planks":56,"minecraft:shield":2,"minecraft:iron_sword":197,"minecraft:cooked_salmon":6,"minecraft:cooked_chicken":1,"minecraft:iron_chestplate":1,"minecraft:salmon":8,"minecraft:torch":4,"minecraft:crafting_table":1,"antlers:jerkey":5,"minecraft:iron_axe":44,"minecraft:birch_sapling":1,"minecraft:iron_pickaxe":47,"born_in_chaos_v1:marigolds":1,"minecraft:green_carpet":4,"minecraft:cobblestone":13,"minecraft:cooked_porkchop":3,"minecraft:bucket":6,"minecraft:polished_blackstone_button":2,"minecraft:cooked_beef":7},"minecraft:dropped":{"minecraft:wheat_seeds":1,"minecraft:cooked_beef":4,"minecraft:rotten_flesh":3,"minecraft:gunpowder":1,"minecraft:rose_bush":8,"minecraft:cooked_salmon":1},"minecraft:crafted":{"minecraft:cooked_beef":7,"minecraft:cooked_porkchop":3,"minecraft:crafting_table":1,"minecraft:cooked_chicken":1,"minecraft:iron_sword":2,"born_in_chaos_v1:spiny_shell_armor_chestplate":1,"minecraft:cooked_salmon":10,"minecraft:bucket":1,"minecraft:birch_planks":112,"minecraft:cooked_mutton":1,"antlers:jerkey":12,"minecraft:iron_chestplate":1,"minecraft:shield":1,"minecraft:iron_axe":1,"minecraft:stick":24,"minecraft:iron_ingot":30,"minecraft:iron_pickaxe":1,"minecraft:iron_shovel":1,"minecraft:torch":28},"minecraft:killed":{"minecraft:pig":2,"minecraft:salmon":22,"undead_revamp2:the_moonflower":1,"minecraft:spider":1,"undead_revamp2:thesmoker":1,"born_in_chaos_v1:maggot":5,"undead_revamp2:theswarmer":1,"born_in_chaos_v1:decrepit_skeleton":1,"minecraft:sheep":1,"minecraft:skeleton":1,"minecraft:zombie":4,"minecraft:chicken":1,"born_in_chaos_v1:corpse_fly":1},"minecraft:mined":{"the_knocker:deadcow":1,"born_in_chaos_v1:marigolds":1,"minecraft:mossy_cobblestone":1,"cctvcraft:aluminum_ore":18,"minecraft:torch":1,"minecraft:dark_oak_wood":2,"minecraft:dark_oak_fence":2,"minecraft:rose_bush":10,"minecraft:cobblestone":9,"biomesoplenty:sprout":2,"biomesoplenty:huge_clover_petal":14,"minecraft:wall_torch":2,"minecraft:seagrass":2,"minecraft:birch_planks":21,"minecraft:tall_seagrass":3,"minecraft:birch_log":26,"minecraft:birch_leaves":1,"minecraft:grass":21,"biomesoplenty:clover":13,"minecraft:coal_ore":6,"minecraft:gravel":1,"minecraft:dirt":2,"minecraft:green_carpet":1,"minecraft:stone":11,"minecraft:fern":3},"minecraft:picked_up":{"minecraft:birch_log":28,"born_in_chaos_v1:corpse_maggot":2,"minecraft:cooked_beef":4,"minecraft:chicken":1,"born_in_chaos_v1:monster_flesh":1,"minecraft:salmon":22,"minecraft:birch_planks":22,"minecraft:gunpowder":1,"minecraft:dirt":22,"born_in_chaos_v1:marigolds":1,"minecraft:bone":2,"undead_revamp2:blacpetalblock":1,"minecraft:wheat_seeds":1,"minecraft:spruce_planks":2,"minecraft:rose_bush":8,"minecraft:light_gray_wool":1,"minecraft:birch_sapling":1,"cctvcraft:raw_aluminum":26,"minecraft:stick":2,"minecraft:torch":3,"minecraft:gravel":1,"minecraft:porkchop":3,"minecraft:green_carpet":4,"minecraft:mossy_cobblestone":1,"minecraft:dark_oak_planks":1,"minecraft:arrow":2,"minecraft:rotten_flesh":18,"minecraft:polished_blackstone_button":2,"minecraft:bread":2,"born_in_chaos_v1:spiny_shell":14,"minecraft:dark_oak_wood":2,"minecraft:dark_oak_fence":2,"minecraft:mutton":1,"minecraft:coal":6,"minecraft:cobblestone":45},"minecraft:custom":{"minecraft:interact_with_furnace":53,"minecraft:mob_kills":43,"minecraft:interact_with_crafting_table":21,"minecraft:damage_dealt_resisted":468,"minecraft:leave_game":1,"minecraft:time_since_death":5601,"minecraft:climb_one_cm":48,"minecraft:time_since_rest":5626,"minecraft:sprint_one_cm":167687,"minecraft:damage_taken":3192,"minecraft:walk_one_cm":161497,"minecraft:damage_blocked_by_shield":60,"minecraft:drop":11,"minecraft:damage_dealt":4721,"minecraft:play_noteblock":2,"minecraft:swim_one_cm":76331,"minecraft:fly_one_cm":151520,"minecraft:open_chest":3,"minecraft:crouch_one_cm":575,"minecraft:play_time":57347,"minecraft:deaths":4,"minecraft:sneak_time":305,"minecraft:walk_under_water_one_cm":30192,"minecraft:boat_one_cm":10145,"minecraft:jump":984,"minecraft:walk_on_water_one_cm":39212,"minecraft:total_world_time":57347,"minecraft:fall_one_cm":24460},"minecraft:killed_by":{"man:managgresive":1,"born_in_chaos_v1:nightmare_stalker":1,"antlers:wendigo":2}},"DataVersion":3465}