{"stats":{"minecraft:used":{"minecraft:cooked_mutton":1,"minecraft:water_bucket":5,"minecraft:iron_shovel":7,"minecraft:birch_planks":23,"minecraft:shield":2,"minecraft:iron_sword":113,"minecraft:cooked_salmon":2,"minecraft:cooked_chicken":1,"minecraft:iron_chestplate":1,"minecraft:salmon":8,"minecraft:torch":2,"minecraft:crafting_table":1,"antlers:jerkey":1,"minecraft:iron_axe":19,"minecraft:birch_sapling":1,"minecraft:iron_pickaxe":23,"born_in_chaos_v1:marigolds":1,"minecraft:green_carpet":3,"minecraft:cobblestone":13,"minecraft:cooked_porkchop":1,"minecraft:bucket":6,"minecraft:polished_blackstone_button":2,"minecraft:cooked_beef":7},"minecraft:dropped":{"minecraft:wheat_seeds":1,"minecraft:cooked_beef":4,"minecraft:rotten_flesh":3,"minecraft:gunpowder":1,"minecraft:cooked_salmon":1},"minecraft:crafted":{"minecraft:cooked_beef":7,"minecraft:cooked_porkchop":3,"minecraft:crafting_table":1,"minecraft:cooked_chicken":1,"minecraft:iron_sword":1,"born_in_chaos_v1:spiny_shell_armor_chestplate":1,"minecraft:cooked_salmon":3,"minecraft:bucket":1,"minecraft:birch_planks":112,"minecraft:cooked_mutton":1,"antlers:jerkey":3,"minecraft:iron_chestplate":1,"minecraft:shield":1,"minecraft:iron_axe":1,"minecraft:stick":12,"minecraft:iron_ingot":30,"minecraft:iron_pickaxe":1,"minecraft:iron_shovel":1,"minecraft:torch":28},"minecraft:killed":{"minecraft:pig":2,"minecraft:salmon":18,"undead_revamp2:the_moonflower":1,"minecraft:spider":1,"born_in_chaos_v1:decrepit_skeleton":1,"minecraft:sheep":1,"minecraft:skeleton":1,"minecraft:zombie":1,"minecraft:chicken":1,"born_in_chaos_v1:corpse_fly":1},"minecraft:mined":{"born_in_chaos_v1:marigolds":1,"cctvcraft:aluminum_ore":13,"minecraft:torch":1,"minecraft:cobblestone":8,"biomesoplenty:huge_clover_petal":14,"minecraft:wall_torch":1,"minecraft:seagrass":1,"minecraft:tall_seagrass":1,"minecraft:birch_log":26,"minecraft:birch_leaves":1,"minecraft:grass":14,"biomesoplenty:clover":12,"minecraft:coal_ore":2,"minecraft:dirt":2,"minecraft:fern":3},"minecraft:picked_up":{"minecraft:birch_log":28,"minecraft:cooked_beef":4,"minecraft:chicken":1,"minecraft:salmon":18,"minecraft:gunpowder":1,"minecraft:dirt":11,"born_in_chaos_v1:marigolds":1,"minecraft:bone":1,"undead_revamp2:blacpetalblock":1,"minecraft:wheat_seeds":1,"minecraft:light_gray_wool":1,"minecraft:birch_sapling":1,"cctvcraft:raw_aluminum":17,"minecraft:stick":2,"minecraft:torch":2,"minecraft:porkchop":3,"minecraft:green_carpet":3,"minecraft:arrow":2,"minecraft:rotten_flesh":6,"minecraft:polished_blackstone_button":2,"born_in_chaos_v1:spiny_shell":14,"minecraft:mutton":1,"minecraft:coal":2,"minecraft:cobblestone":28},"minecraft:custom":{"minecraft:interact_with_furnace":27,"minecraft:mob_kills":29,"minecraft:interact_with_crafting_table":16,"minecraft:damage_dealt_resisted":468,"minecraft:time_since_death":13479,"minecraft:climb_one_cm":48,"minecraft:time_since_rest":13511,"minecraft:sprint_one_cm":129532,"minecraft:damage_taken":1837,"minecraft:walk_one_cm":117382,"minecraft:damage_blocked_by_shield":60,"minecraft:drop":10,"minecraft:damage_dealt":2412,"minecraft:swim_one_cm":28104,"minecraft:fly_one_cm":125817,"minecraft:open_chest":3,"minecraft:crouch_one_cm":546,"minecraft:play_time":39544,"minecraft:deaths":3,"minecraft:sneak_time":129,"minecraft:walk_under_water_one_cm":19627,"minecraft:jump":734,"minecraft:walk_on_water_one_cm":18765,"minecraft:total_world_time":39544,"minecraft:fall_one_cm":18832},"minecraft:killed_by":{"man:managgresive":1,"born_in_chaos_v1:nightmare_stalker":1,"antlers:wendigo":1}},"DataVersion":3465}