{"stats":{"minecraft:custom":{"minecraft:mob_kills":71,"minecraft:interact_with_crafting_table":31,"minecraft:damage_dealt_resisted":832,"minecraft:leave_game":1,"minecraft:time_since_death":4697,"minecraft:climb_one_cm":48,"minecraft:sprint_one_cm":272239,"minecraft:walk_one_cm":284230,"minecraft:damage_blocked_by_shield":60,"minecraft:drop":36,"minecraft:play_noteblock":2,"minecraft:talked_to_villager":8,"minecraft:play_time":93031,"minecraft:deaths":8,"minecraft:sneak_time":1088,"minecraft:walk_under_water_one_cm":36893,"minecraft:boat_one_cm":36595,"minecraft:jump":1584,"minecraft:walk_on_water_one_cm":45686,"minecraft:enchant_item":3,"minecraft:total_world_time":93031,"minecraft:interact_with_furnace":72,"minecraft:raid_trigger":1,"minecraft:time_since_rest":4728,"minecraft:damage_taken":28957,"minecraft:damage_dealt":8774,"minecraft:swim_one_cm":80048,"minecraft:player_kills":1,"minecraft:fly_one_cm":248689,"minecraft:open_chest":6,"minecraft:crouch_one_cm":3227,"minecraft:fall_one_cm":40468},"minecraft:broken":{"born_in_chaos_v1:spiny_shell_armor_chestplate":1},"minecraft:killed_by":{"minecraft:player":2,"born_in_chaos_v1:nightmare_stalker":1,"man:managgresive":1,"antlers:wendigo":3},"minecraft:mined":{"the_knocker:deadcow":1,"minecraft:mossy_cobblestone":1,"cctvcraft:aluminum_ore":18,"minecraft:dark_oak_fence":2,"minecraft:tall_seagrass":3,"minecraft:carrots":3,"minecraft:iron_ore":10,"minecraft:potatoes":1,"minecraft:green_carpet":1,"minecraft:stone":24,"born_in_chaos_v1:marigolds":1,"minecraft:crafting_table":1,"minecraft:torch":1,"minecraft:dark_oak_wood":2,"minecraft:rose_bush":10,"minecraft:cobblestone":19,"minecraft:tall_grass":7,"minecraft:copper_ore":4,"biomesoplenty:sprout":2,"biomesoplenty:huge_clover_petal":14,"minecraft:wall_torch":2,"minecraft:seagrass":2,"minecraft:birch_planks":41,"minecraft:birch_log":26,"minecraft:wheat":7,"minecraft:birch_leaves":1,"minecraft:grass":42,"biomesoplenty:clover":13,"minecraft:coal_ore":11,"minecraft:beetroots":3,"minecraft:gravel":1,"minecraft:dirt":2,"minecraft:fern":3},"minecraft:crafted":{"minecraft:cooked_chicken":1,"born_in_chaos_v1:spiny_shell_armor_chestplate":1,"minecraft:furnace":1,"cctvcraft:aluminum_ingot":9,"minecraft:cooked_mutton":1,"antlers:jerkey":12,"born_in_chaos_v1:spiny_shell_armor_helmet":1,"minecraft:iron_boots":1,"minecraft:iron_axe":1,"minecraft:cooked_beef":7,"minecraft:cooked_porkchop":3,"minecraft:crafting_table":2,"minecraft:iron_sword":2,"minecraft:cooked_salmon":10,"minecraft:bucket":1,"minecraft:birch_planks":112,"minecraft:iron_chestplate":1,"minecraft:shield":1,"minecraft:stick":24,"minecraft:iron_ingot":40,"minecraft:iron_pickaxe":1,"minecraft:iron_shovel":1,"minecraft:iron_leggings":1,"minecraft:torch":28},"minecraft:used":{"minecraft:writable_book":1,"minecraft:iron_shovel":10,"minecraft:oak_sign":1,"minecraft:shield":2,"minecraft:iron_sword":337,"minecraft:cooked_salmon":9,"minecraft:cooked_chicken":1,"minecraft:iron_chestplate":1,"minecraft:torch":7,"minecraft:mutton":2,"minecraft:carrot":7,"minecraft:iron_axe":65,"minecraft:birch_sapling":1,"minecraft:iron_boots":1,"minecraft:furnace":1,"minecraft:cooked_beef":7,"minecraft:iron_leggings":1,"born_in_chaos_v1:spiny_shell_armor_helmet":1,"minecraft:calcite":3,"minecraft:cooked_mutton":1,"minecraft:water_bucket":9,"minecraft:birch_planks":126,"minecraft:salmon":12,"minecraft:oak_slab":3,"minecraft:crafting_table":3,"antlers:jerkey":12,"minecraft:apple":1,"minecraft:iron_pickaxe":90,"born_in_chaos_v1:marigolds":1,"minecraft:green_carpet":4,"minecraft:cobblestone":13,"minecraft:white_banner":1,"minecraft:porkchop":6,"minecraft:cooked_porkchop":3,"minecraft:bucket":10,"minecraft:polished_blackstone_button":2},"minecraft:killed":{"minecraft:spider":3,"undead_revamp2:thesmoker":1,"undead_revamp2:theswarmer":1,"born_in_chaos_v1:maggot":5,"minecraft:skeleton":3,"minecraft:chicken":3,"born_in_chaos_v1:mr_pumpkin_controlled":1,"minecraft:pig":5,"endofherobrine:villager":1,"minecraft:salmon":22,"undead_revamp2:the_moonflower":1,"minecraft:creeper":1,"born_in_chaos_v1:decrepit_skeleton":1,"minecraft:sheep":3,"minecraft:zombie":12,"born_in_chaos_v1:corpse_fly":1,"endofherobrine:sheep":4},"minecraft:dropped":{"minecraft:iron_sword":1,"minecraft:porkchop":1,"minecraft:wheat_seeds":3,"minecraft:cooked_beef":4,"minecraft:mossy_cobblestone":1,"minecraft:feather":4,"minecraft:lantern":2,"minecraft:pufferfish":6,"minecraft:dirt":23,"minecraft:dark_oak_wood":2,"minecraft:rose_bush":8,"minecraft:cooked_salmon":1,"minecraft:writable_book":1,"minecraft:dark_oak_planks":1,"minecraft:gravel":1,"minecraft:beetroot":2,"minecraft:rotten_flesh":3,"minecraft:light_gray_wool":1,"minecraft:light_gray_concrete":2,"minecraft:oak_sign":4,"minecraft:gunpowder":3,"born_in_chaos_v1:corpse_maggot":2,"minecraft:spruce_slab":2},"minecraft:picked_up":{"minecraft:crafting_table":1,"minecraft:wheat":1,"minecraft:chicken":1,"minecraft:wither_rose":1,"minecraft:raw_copper":11,"minecraft:pufferfish":5,"minecraft:oak_sign":5,"minecraft:beetroot":2,"minecraft:spruce_planks":7,"minecraft:rose_bush":8,"minecraft:calcite":3,"minecraft:light_gray_wool":1,"minecraft:spruce_slab":2,"minecraft:lectern":1,"minecraft:birch_sapling":1,"minecraft:raw_iron":10,"minecraft:stick":2,"minecraft:torch":3,"minecraft:spruce_fence":1,"minecraft:porkchop":10,"minecraft:carrot":10,"minecraft:dark_oak_planks":1,"minecraft:arrow":3,"minecraft:rotten_flesh":36,"minecraft:beetroot_seeds":6,"born_in_chaos_v1:spiny_shell":14,"minecraft:mutton":3,"minecraft:cobblestone":65,"minecraft:birch_log":28,"born_in_chaos_v1:corpse_maggot":4,"minecraft:feather":4,"minecraft:cooked_beef":4,"born_in_chaos_v1:monster_flesh":1,"minecraft:salmon":22,"minecraft:potato":4,"minecraft:birch_planks":40,"minecraft:gunpowder":3,"minecraft:white_banner":1,"minecraft:dirt":23,"minecraft:lantern":2,"born_in_chaos_v1:marigolds":1,"minecraft:bone":14,"undead_revamp2:blacpetalblock":1,"minecraft:wheat_seeds":3,"minecraft:iron_ingot":1,"minecraft:iron_sword":1,"cctvcraft:raw_aluminum":26,"minecraft:oak_slab":3,"minecraft:quartz":64,"minecraft:gravel":1,"minecraft:green_carpet":4,"minecraft:mossy_cobblestone":1,"minecraft:light_gray_concrete":2,"minecraft:slime_ball":6,"minecraft:polished_blackstone_button":2,"minecraft:writable_book":1,"minecraft:bread":2,"minecraft:dark_oak_wood":2,"minecraft:dark_oak_fence":12,"minecraft:coal":8}},"DataVersion":3465}