{"stats":{"minecraft:crafted":{"minecraft:crafting_table":1,"minecraft:birch_planks":28,"minecraft:iron_ingot":4},"minecraft:mined":{"minecraft:birch_log":8},"minecraft:picked_up":{"minecraft:birch_log":7},"minecraft:custom":{"minecraft:jump":85,"minecraft:time_since_rest":3544,"minecraft:interact_with_furnace":1,"minecraft:crouch_one_cm":45,"minecraft:walk_on_water_one_cm":1292,"minecraft:sprint_one_cm":16947,"minecraft:play_time":3544,"minecraft:damage_taken":220,"minecraft:time_since_death":3544,"minecraft:walk_one_cm":4997,"minecraft:sneak_time":8,"minecraft:total_world_time":3544,"minecraft:walk_under_water_one_cm":116,"minecraft:swim_one_cm":3075,"minecraft:fall_one_cm":3446,"minecraft:fly_one_cm":19462}},"DataVersion":3465}