{"stats":{"minecraft:broken":{"born_in_chaos_v1:spiny_shell_armor_chestplate":1,"minecraft:diamond_chestplate":1,"minecraft:diamond_helmet":1,"born_in_chaos_v1:dark_metal_armor_boots":1,"born_in_chaos_v1:nightmare_mantleofthe_night_boots":1,"minecraft:diamond_leggings":2,"born_in_chaos_v1:spiny_shell_armor_helmet":1},"minecraft:used":{"minecraft:glass_bottle":1,"biomesoplenty:fir_planks":20,"minecraft:diamond_pickaxe":1,"dixtas_armory:diamond_zweihander":24,"minecraft:potion":1,"minecraft:cooked_beef":6,"minecraft:enchanted_golden_apple":1},"minecraft:killed_by":{"man:managgresive":1,"apollyon:the_damned":2,"minecraft:player":7,"minecraft:skeleton":1},"minecraft:mined":{"minecraft:peony":1},"minecraft:crafted":{"minecraft:diamond_helmet":2,"minecraft:diamond_leggings":2,"minecraft:diamond_pickaxe":1,"minecraft:stick":36,"dixtas_armory:diamond_shortsword":1,"minecraft:diamond_chestplate":1},"minecraft:custom":{"minecraft:mob_kills":7,"minecraft:interact_with_crafting_table":6,"minecraft:damage_dealt_resisted":210,"minecraft:time_since_death":144,"minecraft:sleep_in_bed":1,"minecraft:damage_resisted":3508,"minecraft:time_since_rest":176,"minecraft:sprint_one_cm":23045,"minecraft:walk_one_cm":423162,"minecraft:damage_taken":35972,"minecraft:damage_absorbed":161,"minecraft:drop":14,"minecraft:damage_dealt":1162,"minecraft:fly_one_cm":9844,"minecraft:player_kills":1,"minecraft:open_chest":3,"minecraft:play_time":119944,"minecraft:deaths":15,"minecraft:sneak_time":39,"minecraft:walk_under_water_one_cm":1062,"minecraft:jump":572,"minecraft:walk_on_water_one_cm":686,"minecraft:enchant_item":1,"minecraft:total_world_time":119944,"minecraft:fall_one_cm":6878},"minecraft:dropped":{"minecraft:diamond":6,"dixtas_armory:diamond_zweihander":1,"born_in_chaos_v1:nightmare_stalker_skull":1,"minecraft:diamond_pickaxe":1,"born_in_chaos_v1:spiritual_sword":1,"minecraft:wither_rose":2,"born_in_chaos_v1:supreme_measure":1,"born_in_chaos_v1:nightmare_mantleofthe_night_boots":1},"minecraft:picked_up":{"dixtas_armory:diamond_zweihander":2,"born_in_chaos_v1:spiny_shell_armor_helmet":1,"born_in_chaos_v1:corpse_maggot":2,"born_in_chaos_v1:nightmare_mantleofthe_night_boots":3,"cgm:basic_bullet":256,"minecraft:cooked_beef":8,"born_in_chaos_v1:seedof_chaos":1,"minecraft:leather":4,"minecraft:wither_rose":4,"born_in_chaos_v1:nightmare_stalker_skull":1,"minecraft:cooked_mutton":1,"minecraft:bone":2,"deep_dark_regrowth:omnitrident":1,"born_in_chaos_v1:skullbreaker_hammer":1,"biomesoplenty:fir_planks":63,"cgm:mini_gun":1,"born_in_chaos_v1:nightmare_mantleofthe_night_helmet":1,"born_in_chaos_v1:spiritual_sword":2,"minecraft:enchanted_golden_apple":1,"minecraft:glass_bottle":1,"born_in_chaos_v1:great_reaper_axe":1,"born_in_chaos_v1:dark_metal_armor_boots":1,"born_in_chaos_v1:nightmare_mantleofthe_night_leggings":1,"born_in_chaos_v1:pileof_dark_metal":1,"born_in_chaos_v1:nightmare_mantleofthe_night_chestplate":1,"born_in_chaos_v1:supreme_measure":2,"minecraft:rotten_flesh":6,"minecraft:diamond":50,"minecraft:peony":1,"born_in_chaos_v1:nightmare_scythe":1,"born_in_chaos_v1:spiny_shell_armor_chestplate":1,"born_in_chaos_v1:dark_ritual_dagger":1,"minecraft:deepslate_coal_ore":1,"undead_revamp2:arapholia":1,"minecraft:diamond_pickaxe":1},"minecraft:killed":{"minecraft:zombie":2,"graveyard:ghouling":1,"endofherobrine:sheep":1,"born_in_chaos_v1:controlled_baby_skeleton":1,"minecraft:cow":2}},"DataVersion":3465}