{"stats":{"minecraft:broken":{"born_in_chaos_v1:spiny_shell_armor_chestplate":1,"minecraft:diamond_chestplate":1,"minecraft:diamond_helmet":1,"born_in_chaos_v1:dark_metal_armor_boots":1,"born_in_chaos_v1:nightmare_mantleofthe_night_boots":1,"minecraft:diamond_leggings":2,"arphex:infernal_boots":1,"arphex:infernal_helmet":1,"born_in_chaos_v1:spiny_shell_armor_helmet":1},"minecraft:killed_by":{"man:managgresive":1,"apollyon:the_damned":2,"minecraft:player":9,"minecraft:skeleton":1},"minecraft:used":{"minecraft:water_bucket":4,"deep_dark_regrowth:plasma_pickaxe":3,"minecraft:glass_bottle":1,"biomesoplenty:fir_planks":20,"born_in_chaos_v1:supreme_measure":14,"minecraft:diamond_pickaxe":1,"dixtas_armory:diamond_zweihander":24,"minecraft:potion":1,"minecraft:bucket":5,"minecraft:cooked_beef":6,"minecraft:enchanted_golden_apple":1},"minecraft:mined":{"minecraft:obsidian":2,"minecraft:grass_block":2,"biomesoplenty:huge_clover_petal":3,"minecraft:birch_log":4,"minecraft:birch_leaves":1,"minecraft:peony":1,"minecraft:dirt":3,"minecraft:stone":1},"minecraft:crafted":{"minecraft:diamond_helmet":2,"minecraft:diamond_leggings":2,"minecraft:diamond_pickaxe":1,"minecraft:stick":36,"dixtas_armory:diamond_shortsword":1,"minecraft:diamond_chestplate":1},"minecraft:custom":{"minecraft:mob_kills":8,"minecraft:interact_with_crafting_table":6,"minecraft:damage_dealt_resisted":210,"minecraft:time_since_death":9969,"minecraft:sleep_in_bed":1,"minecraft:climb_one_cm":570,"minecraft:damage_resisted":3508,"minecraft:time_since_rest":10043,"minecraft:sprint_one_cm":34425,"minecraft:walk_one_cm":594565,"minecraft:damage_taken":52109,"minecraft:damage_absorbed":161,"minecraft:drop":26,"minecraft:damage_dealt":1262,"minecraft:fly_one_cm":19245,"minecraft:player_kills":1,"minecraft:open_chest":3,"minecraft:crouch_one_cm":172,"minecraft:play_time":155944,"minecraft:deaths":18,"minecraft:sneak_time":260,"minecraft:walk_under_water_one_cm":5285,"minecraft:jump":1159,"minecraft:walk_on_water_one_cm":14624,"minecraft:enchant_item":1,"minecraft:total_world_time":155944,"minecraft:fall_one_cm":14225},"minecraft:dropped":{"minecraft:diamond":6,"undead_revamp2:arapholia":1,"minecraft:rotten_flesh":6,"minecraft:cooked_mutton":1,"dixtas_armory:diamond_zweihander":1,"born_in_chaos_v1:nightmare_stalker_skull":1,"cgm:basic_bullet":128,"minecraft:peony":1,"deep_dark_regrowth:plasma_pickaxe":1,"minecraft:diamond_pickaxe":3,"born_in_chaos_v1:spiritual_sword":1,"minecraft:wither_rose":4,"minecraft:deepslate_coal_ore":1,"born_in_chaos_v1:supreme_measure":1,"born_in_chaos_v1:nightmare_mantleofthe_night_boots":1,"minecraft:bone":2},"minecraft:picked_up":{"dixtas_armory:diamond_zweihander":2,"born_in_chaos_v1:spiny_shell_armor_helmet":1,"born_in_chaos_v1:corpse_maggot":2,"born_in_chaos_v1:nightmare_mantleofthe_night_boots":3,"cgm:basic_bullet":384,"minecraft:cooked_beef":8,"born_in_chaos_v1:seedof_chaos":1,"minecraft:leather":4,"minecraft:wither_rose":4,"arphex:infernal_chestplate":1,"born_in_chaos_v1:nightmare_stalker_skull":1,"minecraft:cooked_mutton":2,"arphex:infernal_leggings":1,"minecraft:bone":2,"deep_dark_regrowth:omnitrident":1,"minecraft:beef":2,"minecraft:bucket":1,"born_in_chaos_v1:skullbreaker_hammer":1,"biomesoplenty:fir_planks":63,"cgm:mini_gun":1,"born_in_chaos_v1:nightmare_mantleofthe_night_helmet":1,"deep_dark_regrowth:plasma_axe":1,"born_in_chaos_v1:spiritual_sword":2,"minecraft:enchanted_golden_apple":1,"minecraft:glass_bottle":1,"born_in_chaos_v1:great_reaper_axe":1,"born_in_chaos_v1:dark_metal_armor_boots":1,"undead_revamp2:windtext":1,"born_in_chaos_v1:nightmare_mantleofthe_night_leggings":1,"born_in_chaos_v1:pileof_dark_metal":1,"born_in_chaos_v1:nightmare_mantleofthe_night_chestplate":1,"arphex:infernal_boots":1,"born_in_chaos_v1:supreme_measure":2,"minecraft:rotten_flesh":6,"minecraft:diamond":50,"arphex:infernal_helmet":1,"minecraft:peony":1,"born_in_chaos_v1:nightmare_scythe":1,"born_in_chaos_v1:spiny_shell_armor_chestplate":1,"born_in_chaos_v1:dark_ritual_dagger":1,"minecraft:deepslate_coal_ore":1,"minecraft:mutton":2,"minecraft:white_wool":1,"deep_dark_regrowth:plasma_pickaxe":2,"undead_revamp2:arapholia":1,"minecraft:diamond_pickaxe":2},"minecraft:killed":{"minecraft:pig":1,"minecraft:zombie":2,"graveyard:ghouling":1,"endofherobrine:sheep":1,"born_in_chaos_v1:controlled_baby_skeleton":1,"minecraft:cow":2}},"DataVersion":3465}