{"stats":{"minecraft:killed_by":{"minecraft:player":1},"minecraft:used":{"minecraft:diamond_pickaxe":1},"minecraft:crafted":{"minecraft:diamond_helmet":1,"minecraft:diamond_leggings":1,"minecraft:diamond_pickaxe":1,"dixtas_armory:diamond_shortsword":1,"minecraft:stick":36},"minecraft:custom":{"minecraft:time_since_rest":4981,"minecraft:play_time":23944,"minecraft:sprint_one_cm":124,"minecraft:walk_one_cm":84589,"minecraft:damage_taken":424,"minecraft:deaths":1,"minecraft:drop":4,"minecraft:jump":94,"minecraft:damage_dealt":29,"minecraft:time_since_death":22821,"minecraft:sleep_in_bed":1,"minecraft:total_world_time":23944,"minecraft:interact_with_crafting_table":3,"minecraft:fall_one_cm":2119,"minecraft:fly_one_cm":488},"minecraft:dropped":{"born_in_chaos_v1:nightmare_stalker_skull":1,"born_in_chaos_v1:supreme_measure":1,"born_in_chaos_v1:nightmare_mantleofthe_night_boots":1,"minecraft:diamond_pickaxe":1},"minecraft:picked_up":{"born_in_chaos_v1:nightmare_stalker_skull":1,"born_in_chaos_v1:spiny_shell_armor_helmet":1,"born_in_chaos_v1:nightmare_mantleofthe_night_boots":2,"born_in_chaos_v1:supreme_measure":1,"minecraft:diamond":17,"born_in_chaos_v1:dark_metal_armor_boots":1,"biomesoplenty:fir_planks":62,"born_in_chaos_v1:spiny_shell_armor_chestplate":1,"minecraft:deepslate_coal_ore":1,"minecraft:diamond_pickaxe":1}},"DataVersion":3465}