{"stats":{"minecraft:broken":{"born_in_chaos_v1:spiny_shell_armor_chestplate":1,"born_in_chaos_v1:nightmare_mantleofthe_night_boots":1,"minecraft:diamond_leggings":1,"minecraft:diamond_helmet":1},"minecraft:killed_by":{"apollyon:the_damned":2,"minecraft:player":2},"minecraft:used":{"minecraft:diamond_pickaxe":1,"biomesoplenty:fir_planks":17,"minecraft:cooked_beef":3},"minecraft:crafted":{"minecraft:diamond_helmet":2,"minecraft:diamond_leggings":2,"minecraft:diamond_pickaxe":1,"minecraft:stick":36,"dixtas_armory:diamond_shortsword":1,"minecraft:diamond_chestplate":1},"minecraft:custom":{"minecraft:time_since_rest":1664,"minecraft:damage_taken":18584,"minecraft:sprint_one_cm":2795,"minecraft:walk_one_cm":260660,"minecraft:drop":13,"minecraft:damage_dealt":29,"minecraft:interact_with_crafting_table":6,"minecraft:fly_one_cm":1929,"minecraft:open_chest":3,"minecraft:play_time":71944,"minecraft:deaths":4,"minecraft:jump":281,"minecraft:time_since_death":1536,"minecraft:sleep_in_bed":1,"minecraft:total_world_time":71944,"minecraft:fall_one_cm":4701},"minecraft:dropped":{"dixtas_armory:diamond_zweihander":1,"born_in_chaos_v1:nightmare_stalker_skull":1,"minecraft:diamond_pickaxe":1,"minecraft:diamond":6,"minecraft:wither_rose":2,"born_in_chaos_v1:supreme_measure":1,"born_in_chaos_v1:nightmare_mantleofthe_night_boots":1},"minecraft:picked_up":{"dixtas_armory:diamond_zweihander":2,"born_in_chaos_v1:spiny_shell_armor_helmet":1,"born_in_chaos_v1:nightmare_mantleofthe_night_boots":2,"minecraft:cooked_beef":5,"born_in_chaos_v1:dark_metal_armor_boots":1,"minecraft:wither_rose":4,"born_in_chaos_v1:nightmare_stalker_skull":1,"born_in_chaos_v1:supreme_measure":1,"minecraft:diamond":50,"biomesoplenty:fir_planks":62,"minecraft:glass_bottle":1,"born_in_chaos_v1:spiny_shell_armor_chestplate":1,"minecraft:deepslate_coal_ore":1,"undead_revamp2:arapholia":1,"minecraft:diamond_pickaxe":1}},"DataVersion":3465}